TRINITY_DN1565_c5_g1_i2.p1	12957.ACEP16127-PA	2.05e-259	747.0	2F9AD@1|root,2TAFR@2759|Eukaryota,395EE@33154|Opisthokonta,3CA1Z@33208|Metazoa,3DR6C@33213|Bilateria,423ZM@6656|Arthropoda,3SRZ5@50557|Insecta,46MRP@7399|Hymenoptera	50557|Insecta	-	-	-	-	-	-	-	-	-	-	-	-	-	-	-
TRINITY_DN1245_c0_g1_i2.p3	103372.F4X8S7	2.62e-50	169.0	2D0N9@1|root,2SESX@2759|Eukaryota,3AC83@33154|Opisthokonta,3BVFX@33208|Metazoa,3DPE2@33213|Bilateria,42BRF@6656|Arthropoda,3SQ09@50557|Insecta,46MJH@7399|Hymenoptera	50557|Insecta	O	Insulin / insulin-like growth factor / relaxin family.	-	GO:0003674,GO:0005102,GO:0005179,GO:0005488,GO:0005515,GO:0005575,GO:0005576,GO:0005615,GO:0008083,GO:0008150,GO:0009966,GO:0010469,GO:0010646,GO:0023051,GO:0030545,GO:0044421,GO:0048018,GO:0048583,GO:0050789,GO:0050794,GO:0065007,GO:0065009,GO:0098772	-	ko:K04526,ko:K05459,ko:K13769	ko01521,ko01522,ko04010,ko04014,ko04015,ko04022,ko04066,ko04068,ko04072,ko04114,ko04115,ko04140,ko04150,ko04151,ko04152,ko04211,ko04213,ko04510,ko04550,ko04730,ko04750,ko04810,ko04910,ko04911,ko04913,ko04914,ko04917,ko04923,ko04930,ko04931,ko04932,ko04940,ko04950,ko04960,ko05200,ko05202,ko05205,ko05214,ko05215,ko05218,ko05224,ko05225,ko05410,ko05414,map01521,map01522,map04010,map04014,map04015,map04022,map04066,map04068,map04072,map04114,map04115,map04140,map04150,map04151,map04152,map04211,map04213,map04510,map04550,map04730,map04750,map04810,map04910,map04911,map04913,map04914,map04917,map04923,map04930,map04931,map04932,map04940,map04950,map04960,map05200,map05202,map05205,map05214,map05215,map05218,map05224,map05225,map05410,map05414	-	-	-	ko00000,ko00001,ko00536,ko04052	-	-	-	Insulin
TRINITY_DN16141_c1_g1
TRINITY_DN1404_c0_g2_i1.p1	103372.F4WJ38	5.16e-30	112.0	2CRZI@1|root,2T8UH@2759|Eukaryota,393FK@33154|Opisthokonta,3C8QC@33208|Metazoa,3DPRU@33213|Bilateria,425YS@6656|Arthropoda,3SVKI@50557|Insecta,46MJY@7399|Hymenoptera	50557|Insecta	S	Insect pheromone-binding family, A10/OS-D	-	-	-	-	-	-	-	-	-	-	-	-	OS-D
TRINITY_DN13164_c0_g3
TRINITY_DN84_c0_g2
TRINITY_DN4691_c0_g1
TRINITY_DN246_c0_g1
TRINITY_DN25964_c0_g1
TRINITY_DN197_c1_g1
TRINITY_DN3466_c0_g1
TRINITY_DN5810_c0_g1_i1.p1	12957.ACEP19967-PA	3.53e-238	662.0	COG4886@1|root,KOG0619@2759|Eukaryota,3A6DY@33154|Opisthokonta,3BSZQ@33208|Metazoa,3DABH@33213|Bilateria,420NV@6656|Arthropoda,3SNJK@50557|Insecta,46F2X@7399|Hymenoptera	50557|Insecta	S	Leucine rich repeat C-terminal domain	-	GO:0000902,GO:0000904,GO:0005575,GO:0005576,GO:0005615,GO:0007275,GO:0007399,GO:0007409,GO:0008150,GO:0009653,GO:0009987,GO:0016043,GO:0022008,GO:0030030,GO:0030154,GO:0030182,GO:0031175,GO:0032501,GO:0032502,GO:0032989,GO:0032990,GO:0044421,GO:0048468,GO:0048666,GO:0048667,GO:0048699,GO:0048731,GO:0048812,GO:0048856,GO:0048858,GO:0048869,GO:0061564,GO:0071840,GO:0120036,GO:0120039	-	-	-	-	-	-	-	-	-	-	LRR_1,LRR_5,LRR_8
TRINITY_DN9981_c0_g1_i19.p1	12957.ACEP13479-PA	8.98e-238	657.0	COG0388@1|root,KOG0808@2759|Eukaryota,39RP7@33154|Opisthokonta,3BBQB@33208|Metazoa,3CVE8@33213|Bilateria,41XD4@6656|Arthropoda,3SGA7@50557|Insecta,46DX1@7399|Hymenoptera	50557|Insecta	E	Carbon-nitrogen hydrolase	-	GO:0003674,GO:0003824,GO:0003837,GO:0006139,GO:0006206,GO:0006207,GO:0006208,GO:0006725,GO:0006807,GO:0008150,GO:0008152,GO:0009056,GO:0009058,GO:0009112,GO:0009987,GO:0016787,GO:0016810,GO:0016811,GO:0018130,GO:0019856,GO:0034641,GO:0044237,GO:0044238,GO:0044248,GO:0044249,GO:0044270,GO:0044271,GO:0044281,GO:0046112,GO:0046113,GO:0046483,GO:0046700,GO:0055086,GO:0071704,GO:0072527,GO:0072528,GO:0072529,GO:1901360,GO:1901361,GO:1901362,GO:1901564,GO:1901565,GO:1901566,GO:1901575,GO:1901576	3.5.1.6	ko:K01431	ko00240,ko00410,ko00770,ko00983,ko01100,map00240,map00410,map00770,map00983,map01100	M00046	R00905,R04666,R08228	RC00096	ko00000,ko00001,ko00002,ko01000	-	-	-	CN_hydrolase
TRINITY_DN2112_c0_g2_i5.p1	12957.ACEP13105-PA	2.17e-249	699.0	COG2272@1|root,KOG1516@2759|Eukaryota,38DII@33154|Opisthokonta,3BGG6@33208|Metazoa,3DG6G@33213|Bilateria,41WSV@6656|Arthropoda,3SZY9@50557|Insecta,46N0C@7399|Hymenoptera	6656|Arthropoda	I	alpha/beta hydrolase fold	-	GO:0003008,GO:0003674,GO:0003824,GO:0004104,GO:0005575,GO:0007275,GO:0007568,GO:0007600,GO:0008150,GO:0008340,GO:0009266,GO:0009581,GO:0009582,GO:0009605,GO:0009628,GO:0010033,GO:0010259,GO:0010876,GO:0016048,GO:0016787,GO:0016788,GO:0019233,GO:0019915,GO:0032501,GO:0032502,GO:0033036,GO:0042221,GO:0046683,GO:0048856,GO:0050877,GO:0050896,GO:0050906,GO:0050951,GO:0050961,GO:0050965,GO:0051179,GO:0051235,GO:0051606,GO:0052689,GO:0065007,GO:0065008	3.1.1.1,3.1.1.7	ko:K01044,ko:K01049	ko00564,ko00983,ko01100,ko04725,map00564,map00983,map01100,map04725	-	R01026,R06728,R08220,R08249,R08251,R08255,R08258	RC00020,RC00041,RC00055,RC00162,RC00475,RC00476,RC00523,RC00962,RC02264	ko00000,ko00001,ko00537,ko01000	-	CE10	-	COesterase
TRINITY_DN6564_c0_g4_i1.p1	12957.ACEP11287-PA	2e-201	563.0	COG1398@1|root,KOG1600@2759|Eukaryota,39KE7@33154|Opisthokonta,3BNHH@33208|Metazoa,3CWV9@33213|Bilateria,41UY9@6656|Arthropoda,3SJ7N@50557|Insecta,46DZS@7399|Hymenoptera	50557|Insecta	I	Fatty acid desaturase	-	GO:0003674,GO:0003824,GO:0006629,GO:0008150,GO:0008152,GO:0016491,GO:0016705,GO:0016717,GO:0044238,GO:0055114,GO:0071704	1.14.19.1	ko:K00507,ko:K06227	ko01040,ko01212,ko03320,ko04152,ko04212,ko04341,map01040,map01212,map03320,map04152,map04212,map04341	-	R02222	RC00917	ko00000,ko00001,ko01000,ko01004	-	-	-	FA_desaturase
TRINITY_DN4477_c0_g1
TRINITY_DN2057_c0_g1_i22.p1	7460.GB50096-PA	5.38e-270	741.0	COG5146@1|root,KOG2201@2759|Eukaryota,38BIM@33154|Opisthokonta,3BFZP@33208|Metazoa,3CSDT@33213|Bilateria,41W3J@6656|Arthropoda,3SI53@50557|Insecta,46ETF@7399|Hymenoptera	50557|Insecta	H	Fumble	fbl	GO:0000003,GO:0000166,GO:0000278,GO:0002009,GO:0002165,GO:0003006,GO:0003674,GO:0003824,GO:0004594,GO:0005488,GO:0005524,GO:0005575,GO:0005622,GO:0005623,GO:0005737,GO:0005819,GO:0005856,GO:0005886,GO:0006139,GO:0006163,GO:0006164,GO:0006725,GO:0006732,GO:0006753,GO:0006793,GO:0006796,GO:0006807,GO:0006950,GO:0006979,GO:0007049,GO:0007059,GO:0007275,GO:0007276,GO:0007281,GO:0007283,GO:0007292,GO:0007444,GO:0007472,GO:0007476,GO:0007552,GO:0007560,GO:0007610,GO:0007622,GO:0007623,GO:0007626,GO:0008144,GO:0008150,GO:0008152,GO:0009058,GO:0009108,GO:0009117,GO:0009150,GO:0009152,GO:0009165,GO:0009259,GO:0009260,GO:0009314,GO:0009628,GO:0009653,GO:0009791,GO:0009886,GO:0009887,GO:0009888,GO:0009987,GO:0010212,GO:0010332,GO:0010564,GO:0015630,GO:0015936,GO:0015937,GO:0016020,GO:0016043,GO:0016301,GO:0016310,GO:0016740,GO:0016772,GO:0016773,GO:0017076,GO:0018130,GO:0019438,GO:0019637,GO:0019693,GO:0019953,GO:0022412,GO:0022414,GO:0030154,GO:0030554,GO:0032465,GO:0032501,GO:0032502,GO:0032504,GO:0032553,GO:0032555,GO:0032559,GO:0033865,GO:0033866,GO:0033875,GO:0034030,GO:0034032,GO:0034033,GO:0034641,GO:0034654,GO:0035107,GO:0035114,GO:0035120,GO:0035220,GO:0035239,GO:0035295,GO:0035639,GO:0036094,GO:0040011,GO:0042592,GO:0043167,GO:0043168,GO:0043226,GO:0043228,GO:0043229,GO:0043232,GO:0044237,GO:0044238,GO:0044249,GO:0044271,GO:0044281,GO:0044422,GO:0044424,GO:0044430,GO:0044446,GO:0044464,GO:0044703,GO:0045475,GO:0046390,GO:0046483,GO:0048232,GO:0048468,GO:0048477,GO:0048511,GO:0048512,GO:0048513,GO:0048563,GO:0048569,GO:0048609,GO:0048707,GO:0048729,GO:0048731,GO:0048736,GO:0048737,GO:0048856,GO:0048869,GO:0048878,GO:0050789,GO:0050794,GO:0050896,GO:0051186,GO:0051188,GO:0051302,GO:0051321,GO:0051704,GO:0051716,GO:0051726,GO:0055086,GO:0055088,GO:0055090,GO:0060429,GO:0060562,GO:0061024,GO:0065007,GO:0065008,GO:0070328,GO:0071214,GO:0071478,GO:0071479,GO:0071480,GO:0071704,GO:0071840,GO:0071944,GO:0072521,GO:0072522,GO:0090407,GO:0097159,GO:0097367,GO:0104004,GO:1901135,GO:1901137,GO:1901265,GO:1901293,GO:1901360,GO:1901362,GO:1901363,GO:1901564,GO:1901566,GO:1901576	2.7.1.33	ko:K09680	ko00770,ko01100,map00770,map01100	M00120	R02971,R03018,R04391	RC00002,RC00017	ko00000,ko00001,ko00002,ko01000	-	-	-	Fumble
TRINITY_DN3417_c0_g2
TRINITY_DN580_c0_g1_i8.p1	103372.F4WQ30	5.11e-203	583.0	COG2303@1|root,KOG1238@2759|Eukaryota,38UEK@33154|Opisthokonta,3BICX@33208|Metazoa,3D5FV@33213|Bilateria,41TSV@6656|Arthropoda,3SGI6@50557|Insecta,46JMX@7399|Hymenoptera	50557|Insecta	E	GMC oxidoreductase	Gld	GO:0000003,GO:0000166,GO:0002165,GO:0003674,GO:0003824,GO:0005488,GO:0005575,GO:0005576,GO:0005975,GO:0005996,GO:0006006,GO:0007275,GO:0007320,GO:0007591,GO:0007618,GO:0007620,GO:0008150,GO:0008152,GO:0008364,GO:0009791,GO:0016491,GO:0016614,GO:0019318,GO:0019953,GO:0022414,GO:0032501,GO:0032502,GO:0032504,GO:0035209,GO:0036094,GO:0040003,GO:0042303,GO:0042335,GO:0042337,GO:0043167,GO:0043168,GO:0044238,GO:0044281,GO:0044703,GO:0044706,GO:0046692,GO:0046693,GO:0048037,GO:0048609,GO:0048856,GO:0050660,GO:0050662,GO:0051704,GO:0055114,GO:0071704,GO:0097159,GO:1901265,GO:1901363	1.1.5.9,1.1.99.1	ko:K00108,ko:K00115	ko00030,ko00260,ko01100,ko01110,ko01130,map00030,map00260,map01100,map01110,map01130	M00555	R00305,R01025	RC00066,RC00087	ko00000,ko00001,ko00002,ko01000	-	-	-	GMC_oxred_C,GMC_oxred_N
TRINITY_DN325_c2_g2
TRINITY_DN4116_c0_g1
TRINITY_DN6687_c1_g1_i9.p1	7165.AGAP008059-PB	9.35e-32	115.0	2CRZI@1|root,2S4GJ@2759|Eukaryota,3AQV4@33154|Opisthokonta,3C2PB@33208|Metazoa,3DIPF@33213|Bilateria,420IJ@6656|Arthropoda,3SNRY@50557|Insecta,453PI@7147|Diptera,45IBM@7148|Nematocera	50557|Insecta	G	Insect pheromone-binding family, A10/OS-D	CSP6	GO:0005575,GO:0005576,GO:0005615,GO:0007275,GO:0007552,GO:0008150,GO:0009605,GO:0009607,GO:0009617,GO:0032501,GO:0032502,GO:0043207,GO:0044421,GO:0048856,GO:0050896,GO:0051704,GO:0051707	-	-	-	-	-	-	-	-	-	-	OS-D
TRINITY_DN1435_c1_g1
TRINITY_DN12064_c0_g1
TRINITY_DN2153_c0_g1
TRINITY_DN4545_c0_g6
TRINITY_DN255_c0_g1_i6.p1	103372.F4W5A5	1.62e-235	650.0	COG1398@1|root,KOG1600@2759|Eukaryota,38GU7@33154|Opisthokonta,3BENV@33208|Metazoa,3CTC4@33213|Bilateria,41YA9@6656|Arthropoda,3SG9B@50557|Insecta,46K9W@7399|Hymenoptera	50557|Insecta	I	Fatty acid desaturase	Desat1	GO:0000003,GO:0000278,GO:0000281,GO:0000910,GO:0003674,GO:0003824,GO:0004768,GO:0005575,GO:0005622,GO:0005623,GO:0005737,GO:0005783,GO:0006082,GO:0006629,GO:0006631,GO:0006633,GO:0006636,GO:0006723,GO:0006950,GO:0007049,GO:0007275,GO:0007610,GO:0007617,GO:0007618,GO:0007619,GO:0008150,GO:0008152,GO:0008361,GO:0008610,GO:0009058,GO:0009605,GO:0009743,GO:0009744,GO:0009894,GO:0009987,GO:0009991,GO:0010033,GO:0010506,GO:0010817,GO:0012505,GO:0016020,GO:0016021,GO:0016043,GO:0016053,GO:0016215,GO:0016491,GO:0016705,GO:0016717,GO:0019098,GO:0019216,GO:0019222,GO:0019748,GO:0019752,GO:0019953,GO:0022402,GO:0022414,GO:0031224,GO:0031323,GO:0031329,GO:0031410,GO:0031667,GO:0031982,GO:0032501,GO:0032502,GO:0032504,GO:0032535,GO:0032787,GO:0033500,GO:0033559,GO:0034285,GO:0040008,GO:0040014,GO:0040018,GO:0042221,GO:0042335,GO:0042445,GO:0042446,GO:0042592,GO:0042593,GO:0042594,GO:0042810,GO:0042811,GO:0043226,GO:0043227,GO:0043229,GO:0043231,GO:0043436,GO:0044237,GO:0044238,GO:0044249,GO:0044255,GO:0044281,GO:0044283,GO:0044424,GO:0044425,GO:0044444,GO:0044464,GO:0044550,GO:0044703,GO:0045570,GO:0045572,GO:0045793,GO:0045927,GO:0046394,GO:0046620,GO:0046622,GO:0048047,GO:0048518,GO:0048609,GO:0048638,GO:0048639,GO:0048856,GO:0048878,GO:0050789,GO:0050793,GO:0050794,GO:0050896,GO:0051094,GO:0051239,GO:0051240,GO:0051301,GO:0051704,GO:0055088,GO:0055090,GO:0055114,GO:0060179,GO:0061640,GO:0065007,GO:0065008,GO:0070328,GO:0071704,GO:0071840,GO:0072330,GO:0080090,GO:0090066,GO:0097708,GO:1901576,GO:1901700,GO:1903047,GO:2000026	1.14.19.1	ko:K00507	ko01040,ko01212,ko03320,ko04152,ko04212,map01040,map01212,map03320,map04152,map04212	-	R02222	RC00917	ko00000,ko00001,ko01000,ko01004	-	-	-	FA_desaturase
TRINITY_DN605_c0_g1_i8.p1	103372.F4X2S6	5.43e-261	727.0	COG2124@1|root,KOG0158@2759|Eukaryota,38BTY@33154|Opisthokonta,3BF8S@33208|Metazoa,3CV2F@33213|Bilateria,41VYX@6656|Arthropoda,3SGMH@50557|Insecta,46K7P@7399|Hymenoptera	50557|Insecta	Q	Cytochrome P450	-	-	-	ko:K14999	-	-	-	-	ko00000,ko00199,ko01000	-	-	-	p450
TRINITY_DN4809_c0_g1_i8.p1	103372.F4W7G8	5.03e-84	263.0	COG3386@1|root,2QSYY@2759|Eukaryota,39VJ8@33154|Opisthokonta,3BJV3@33208|Metazoa,3CV7S@33213|Bilateria,41VUJ@6656|Arthropoda,3SFS8@50557|Insecta,46ECZ@7399|Hymenoptera	50557|Insecta	G	Major royal jelly protein	Y-f	-	-	-	-	-	-	-	-	-	-	-	MRJP
TRINITY_DN1230_c0_g1_i5.p1	12957.ACEP22753-PA	2.23e-174	493.0	COG1028@1|root,KOG1208@2759|Eukaryota,38CZD@33154|Opisthokonta,3BI78@33208|Metazoa,3D4MM@33213|Bilateria,41XP4@6656|Arthropoda,3SGU3@50557|Insecta,46FX1@7399|Hymenoptera	50557|Insecta	Q	Enoyl-(Acyl carrier protein) reductase	-	GO:0003674,GO:0003824,GO:0008150,GO:0008152,GO:0016491,GO:0055114	-	-	-	-	-	-	-	-	-	-	adh_short
TRINITY_DN6534_c0_g1_i1.p1	103372.F4WPP0	5.1e-148	422.0	COG3338@1|root,KOG0382@2759|Eukaryota,39UTB@33154|Opisthokonta,3BSG4@33208|Metazoa,3D8R7@33213|Bilateria,41ZW7@6656|Arthropoda,3SNCQ@50557|Insecta	50557|Insecta	P	It is involved in the biological process described with one-carbon metabolic process	-	GO:0003674,GO:0003824,GO:0004089,GO:0005488,GO:0008270,GO:0016829,GO:0016835,GO:0016836,GO:0043167,GO:0043169,GO:0046872,GO:0046914	4.2.1.1	ko:K01672	ko00910,map00910	-	R00132,R10092	RC02807	ko00000,ko00001,ko01000	-	-	-	Carb_anhydrase
TRINITY_DN5638_c0_g1_i3.p1	12957.ACEP24761-PA	4.28e-60	196.0	COG5640@1|root,KOG3627@2759|Eukaryota,3A0SR@33154|Opisthokonta,3BQSN@33208|Metazoa,3D7GV@33213|Bilateria,41Z8W@6656|Arthropoda,3SM0S@50557|Insecta,46JRE@7399|Hymenoptera	50557|Insecta	O	Trypsin-like serine protease	-	GO:0003674,GO:0003824,GO:0004175,GO:0004252,GO:0005575,GO:0005622,GO:0005623,GO:0005737,GO:0006508,GO:0006807,GO:0008150,GO:0008152,GO:0008233,GO:0008236,GO:0016787,GO:0017171,GO:0019538,GO:0043170,GO:0044238,GO:0044424,GO:0044464,GO:0070011,GO:0071704,GO:0140096,GO:1901564	-	-	-	-	-	-	-	-	-	-	Trypsin
TRINITY_DN1829_c0_g1
TRINITY_DN1725_c0_g1
TRINITY_DN9664_c2_g1
TRINITY_DN449_c1_g1_i1.p1	103372.F4W5L6	2.05e-84	259.0	COG1028@1|root,KOG1201@2759|Eukaryota,38DUA@33154|Opisthokonta,3BKJ3@33208|Metazoa,3D5AP@33213|Bilateria,41WE3@6656|Arthropoda,3SIEQ@50557|Insecta,46ED8@7399|Hymenoptera	50557|Insecta	Q	Enoyl-(Acyl carrier protein) reductase	-	-	-	-	-	-	-	-	-	-	-	-	adh_short
TRINITY_DN12232_c0_g2
TRINITY_DN1710_c2_g1_i4.p1	103372.F4WXE7	1.77e-117	347.0	COG0142@1|root,KOG0711@2759|Eukaryota,38DEA@33154|Opisthokonta,3BBXF@33208|Metazoa,3CSWW@33213|Bilateria,41TE4@6656|Arthropoda,3SFMT@50557|Insecta,46JGV@7399|Hymenoptera	50557|Insecta	H	Polyprenyl synthetase	Fpps	GO:0000003,GO:0003674,GO:0003824,GO:0004161,GO:0004337,GO:0004659,GO:0005575,GO:0005622,GO:0005623,GO:0005737,GO:0006629,GO:0006644,GO:0006720,GO:0006721,GO:0006793,GO:0006796,GO:0006928,GO:0007276,GO:0008150,GO:0008152,GO:0008299,GO:0008354,GO:0008610,GO:0008654,GO:0009058,GO:0009987,GO:0016114,GO:0016477,GO:0016740,GO:0016765,GO:0019637,GO:0019953,GO:0022412,GO:0022414,GO:0032501,GO:0032504,GO:0040011,GO:0044237,GO:0044238,GO:0044249,GO:0044255,GO:0044424,GO:0044464,GO:0044703,GO:0045337,GO:0045338,GO:0048609,GO:0048870,GO:0051179,GO:0051674,GO:0051704,GO:0071704,GO:0090407,GO:1901576	2.5.1.1,2.5.1.10	ko:K00787	ko00900,ko01100,ko01110,ko01130,ko05164,ko05166,map00900,map01100,map01110,map01130,map05164,map05166	M00366,M00367	R01658,R02003	RC00279	ko00000,ko00001,ko00002,ko01000,ko01006	-	-	-	polyprenyl_synt
TRINITY_DN15239_c0_g1
TRINITY_DN1824_c0_g1_i4.p1	12957.ACEP25898-PA	0.0	1037.0	KOG2579@1|root,KOG2579@2759|Eukaryota,39PX8@33154|Opisthokonta,3BKKW@33208|Metazoa,3DBS6@33213|Bilateria,41Y0B@6656|Arthropoda,3SHZH@50557|Insecta,46KUH@7399|Hymenoptera	50557|Insecta	S	Fibrinogen-related domains (FReDs)	-	-	-	-	-	-	-	-	-	-	-	-	Fibrinogen_C
TRINITY_DN3633_c9_g1
TRINITY_DN7678_c0_g1
TRINITY_DN1989_c0_g1
TRINITY_DN8925_c0_g1_i1.p1	12957.ACEP18922-PA	1.43e-35	130.0	KOG3591@1|root,KOG3591@2759|Eukaryota,38HJY@33154|Opisthokonta,3BFZ0@33208|Metazoa,3D7C9@33213|Bilateria,41YT6@6656|Arthropoda,3SMG4@50557|Insecta,46DPN@7399|Hymenoptera	50557|Insecta	O	protein lethal(2)essential for life-like	-	GO:0003674,GO:0005488,GO:0005515,GO:0006457,GO:0006950,GO:0006952,GO:0007275,GO:0007568,GO:0008092,GO:0008150,GO:0008340,GO:0009266,GO:0009408,GO:0009409,GO:0009605,GO:0009607,GO:0009617,GO:0009620,GO:0009628,GO:0009631,GO:0009987,GO:0009991,GO:0010259,GO:0017022,GO:0031667,GO:0032501,GO:0032502,GO:0042026,GO:0042594,GO:0042595,GO:0042742,GO:0043207,GO:0048856,GO:0050832,GO:0050896,GO:0051082,GO:0051704,GO:0051707,GO:0061077,GO:0098542	-	ko:K09542	ko04141,ko04213,map04141,map04213	-	-	-	ko00000,ko00001,ko03110,ko04147	-	-	-	HSP20
TRINITY_DN1024_c0_g1
TRINITY_DN2127_c0_g1_i5.p1	7070.TC015886-PA	3.86e-166	499.0	COG2801@1|root,KOG0017@2759|Eukaryota,39ZQV@33154|Opisthokonta,3BIZ8@33208|Metazoa,3D69X@33213|Bilateria,42CS4@6656|Arthropoda,3T05B@50557|Insecta	50557|Insecta	L	Reverse transcriptase (RNA-dependent DNA polymerase)	-	-	-	-	-	-	-	-	-	-	-	-	RVT_1
TRINITY_DN58577_c0_g1
TRINITY_DN2507_c0_g1_i2.p1	103372.F4X2F2	2.72e-199	575.0	2E7W5@1|root,2SEEE@2759|Eukaryota,3ADR4@33154|Opisthokonta,3BW1W@33208|Metazoa,3DC1K@33213|Bilateria,421HY@6656|Arthropoda,3SPSR@50557|Insecta,46J8W@7399|Hymenoptera	50557|Insecta	-	-	-	GO:0000003,GO:0002064,GO:0002065,GO:0002066,GO:0003006,GO:0003674,GO:0005575,GO:0005623,GO:0007276,GO:0007281,GO:0007292,GO:0007304,GO:0008150,GO:0009653,GO:0009888,GO:0009987,GO:0019953,GO:0022412,GO:0022414,GO:0030154,GO:0030312,GO:0030703,GO:0030707,GO:0030855,GO:0032501,GO:0032502,GO:0032504,GO:0042600,GO:0044464,GO:0044703,GO:0048468,GO:0048477,GO:0048609,GO:0048646,GO:0048856,GO:0048869,GO:0051704,GO:0060429,GO:0071944	-	-	-	-	-	-	-	-	-	-	-
TRINITY_DN6430_c0_g1
TRINITY_DN6764_c1_g3
TRINITY_DN10623_c0_g1_i6.p1	103372.F4X390	3e-147	427.0	KOG1218@1|root,KOG1218@2759|Eukaryota,3AR1D@33154|Opisthokonta,3C2FX@33208|Metazoa,3DIM5@33213|Bilateria,4230Q@6656|Arthropoda,3SRBF@50557|Insecta,46J8H@7399|Hymenoptera	50557|Insecta	T	EB module	-	-	-	-	-	-	-	-	-	-	-	-	EB
TRINITY_DN1734_c0_g1_i9.p1	12957.ACEP25360-PA	7.96e-102	301.0	KOG0589@1|root,KOG0589@2759|Eukaryota,38C6Q@33154|Opisthokonta,3BE0Z@33208|Metazoa,3CSVT@33213|Bilateria,429VA@6656|Arthropoda,3SZAA@50557|Insecta,46JAY@7399|Hymenoptera	50557|Insecta	T	Serine/Threonine protein kinases, catalytic domain	-	-	2.7.11.1	ko:K08857	-	-	-	-	ko00000,ko01000,ko01001,ko03036,ko03400	-	-	-	Pkinase
TRINITY_DN10002_c0_g1
TRINITY_DN1573_c0_g1
TRINITY_DN4867_c0_g1
TRINITY_DN760_c1_g3
TRINITY_DN10916_c0_g1_i1.p1	103372.F4X5A8	1.29e-281	774.0	KOG4304@1|root,KOG4304@2759|Eukaryota,38VGX@33154|Opisthokonta,3BEDD@33208|Metazoa,3CRCS@33213|Bilateria,41YPJ@6656|Arthropoda,3SM1J@50557|Insecta,46F0F@7399|Hymenoptera	50557|Insecta	K	Orange domain	-	GO:0000003,GO:0000122,GO:0000981,GO:0000982,GO:0001067,GO:0001078,GO:0001227,GO:0002052,GO:0003006,GO:0003674,GO:0003676,GO:0003677,GO:0003690,GO:0003700,GO:0005488,GO:0005515,GO:0005575,GO:0005622,GO:0005623,GO:0005634,GO:0006355,GO:0006357,GO:0007088,GO:0007154,GO:0007165,GO:0007166,GO:0007219,GO:0007275,GO:0007346,GO:0007399,GO:0007530,GO:0007538,GO:0007539,GO:0007540,GO:0007549,GO:0007610,GO:0007626,GO:0008150,GO:0008284,GO:0008344,GO:0008345,GO:0009889,GO:0009890,GO:0009892,GO:0009987,GO:0010468,GO:0010556,GO:0010558,GO:0010564,GO:0010605,GO:0010629,GO:0010638,GO:0010720,GO:0014016,GO:0014019,GO:0018993,GO:0019219,GO:0019222,GO:0022008,GO:0022414,GO:0023052,GO:0030154,GO:0030534,GO:0030537,GO:0031323,GO:0031324,GO:0031326,GO:0031327,GO:0032501,GO:0032502,GO:0033043,GO:0035326,GO:0040029,GO:0042127,GO:0043226,GO:0043227,GO:0043229,GO:0043231,GO:0043565,GO:0044212,GO:0044424,GO:0044464,GO:0045595,GO:0045597,GO:0045787,GO:0045840,GO:0045892,GO:0045931,GO:0045934,GO:0046983,GO:0048468,GO:0048518,GO:0048519,GO:0048522,GO:0048523,GO:0048699,GO:0048731,GO:0048856,GO:0048863,GO:0048864,GO:0048869,GO:0050767,GO:0050769,GO:0050789,GO:0050793,GO:0050794,GO:0050896,GO:0051094,GO:0051128,GO:0051130,GO:0051171,GO:0051172,GO:0051239,GO:0051240,GO:0051252,GO:0051253,GO:0051716,GO:0051726,GO:0051781,GO:0051783,GO:0051785,GO:0051960,GO:0051962,GO:0060255,GO:0060284,GO:0065007,GO:0072091,GO:0080090,GO:0090068,GO:0097159,GO:0140110,GO:1901363,GO:1902679,GO:1902692,GO:1903506,GO:1903507,GO:1990837,GO:2000026,GO:2000112,GO:2000113,GO:2000177,GO:2000179,GO:2000648,GO:2001141	-	ko:K09090	-	-	-	-	ko00000,ko03000,ko03019	-	-	-	HLH,Hairy_orange
TRINITY_DN7985_c0_g1
TRINITY_DN27958_c0_g1
TRINITY_DN3781_c0_g1_i5.p1	12957.ACEP16967-PA	1.1e-219	614.0	29KXD@1|root,2RU6N@2759|Eukaryota,39P92@33154|Opisthokonta,3CQTJ@33208|Metazoa,3E70F@33213|Bilateria,42B6E@6656|Arthropoda,3SRBT@50557|Insecta,46MJD@7399|Hymenoptera	50557|Insecta	G	Kazal-type serine protease inhibitor domain	-	-	-	-	-	-	-	-	-	-	-	-	Kazal_2
TRINITY_DN31759_c0_g1_i2.p1	103372.F4WLF0	3.42e-277	763.0	28KG1@1|root,2QSX8@2759|Eukaryota,38GTW@33154|Opisthokonta,3BDQP@33208|Metazoa,3CRW8@33213|Bilateria,41WSR@6656|Arthropoda,3SI7W@50557|Insecta,46KUS@7399|Hymenoptera	50557|Insecta	O	Lysyl oxidase	SCRAL1	GO:0003674,GO:0003824,GO:0004720,GO:0005044,GO:0005488,GO:0005507,GO:0005575,GO:0006464,GO:0006807,GO:0006810,GO:0006897,GO:0006898,GO:0007155,GO:0008150,GO:0008152,GO:0009987,GO:0016020,GO:0016192,GO:0016491,GO:0016638,GO:0016641,GO:0019538,GO:0022610,GO:0036211,GO:0038024,GO:0043167,GO:0043169,GO:0043170,GO:0043412,GO:0044237,GO:0044238,GO:0044260,GO:0044267,GO:0046872,GO:0046914,GO:0051179,GO:0051234,GO:0055114,GO:0071704,GO:0098657,GO:0140096,GO:1901564	-	ko:K00280	-	-	-	-	ko00000,ko01000	-	-	-	Lysyl_oxidase,SRCR
TRINITY_DN7648_c0_g2
TRINITY_DN41_c0_g3
TRINITY_DN3651_c0_g1
TRINITY_DN605_c0_g2_i6.p1	103372.F4X2S6	2.76e-166	479.0	COG2124@1|root,KOG0158@2759|Eukaryota,38BTY@33154|Opisthokonta,3BF8S@33208|Metazoa,3CV2F@33213|Bilateria,41VYX@6656|Arthropoda,3SGMH@50557|Insecta,46K7P@7399|Hymenoptera	50557|Insecta	Q	Cytochrome P450	-	-	-	ko:K14999	-	-	-	-	ko00000,ko00199,ko01000	-	-	-	p450
TRINITY_DN69887_c0_g1
TRINITY_DN65594_c0_g1
TRINITY_DN9282_c0_g1
TRINITY_DN1744_c0_g2
TRINITY_DN1989_c0_g3_i1.p1	103372.F4X5A2	2.12e-44	156.0	28JAN@1|root,2S9SJ@2759|Eukaryota,3A9MJ@33154|Opisthokonta,3BUE3@33208|Metazoa,3DB4I@33213|Bilateria,42185@6656|Arthropoda,3SPHP@50557|Insecta	50557|Insecta	P	Eukaryotic cytochrome b561	-	-	-	ko:K08371	-	-	-	-	ko00000,ko02000	5.B.2.1	-	-	Cytochrom_B561
TRINITY_DN11291_c0_g1
TRINITY_DN1598_c0_g1_i4.p1	103372.F4X0M2	2.52e-42	147.0	COG5640@1|root,KOG3627@2759|Eukaryota,3A0SR@33154|Opisthokonta,3BQSN@33208|Metazoa,3D7GV@33213|Bilateria,41Z8W@6656|Arthropoda,3SW6V@50557|Insecta,46JSF@7399|Hymenoptera	50557|Insecta	O	Trypsin-like serine protease	-	-	-	ko:K09640	-	-	-	-	ko00000,ko01000,ko01002	-	-	-	Trypsin
TRINITY_DN5842_c0_g2_i11.p1	12957.ACEP16924-PA	2.01e-64	224.0	COG0308@1|root,KOG1047@2759|Eukaryota,38DQ5@33154|Opisthokonta,3BF5Y@33208|Metazoa,3CSDH@33213|Bilateria,41U2V@6656|Arthropoda,3SHNR@50557|Insecta,46JHX@7399|Hymenoptera	50557|Insecta	EIOV	Peptidase family M1 domain	-	GO:0003674,GO:0003735,GO:0003824,GO:0004177,GO:0004301,GO:0004463,GO:0005198,GO:0005488,GO:0005575,GO:0005622,GO:0005623,GO:0005737,GO:0005840,GO:0006412,GO:0006508,GO:0006518,GO:0006629,GO:0006807,GO:0008150,GO:0008152,GO:0008233,GO:0008235,GO:0008237,GO:0008238,GO:0008270,GO:0009056,GO:0009058,GO:0009059,GO:0009987,GO:0010467,GO:0016787,GO:0016801,GO:0016803,GO:0019538,GO:0032991,GO:0033218,GO:0034641,GO:0034645,GO:0042277,GO:0043043,GO:0043167,GO:0043169,GO:0043170,GO:0043171,GO:0043226,GO:0043228,GO:0043229,GO:0043232,GO:0043603,GO:0043604,GO:0044237,GO:0044238,GO:0044248,GO:0044249,GO:0044255,GO:0044260,GO:0044267,GO:0044271,GO:0044424,GO:0044444,GO:0044464,GO:0046872,GO:0046914,GO:0070006,GO:0070011,GO:0071704,GO:0140096,GO:1901564,GO:1901565,GO:1901566,GO:1901575,GO:1901576,GO:1990904	3.3.2.6	ko:K01254	ko00590,ko01100,map00590,map01100	-	R03057	RC00838	ko00000,ko00001,ko01000,ko01002	-	-	-	Leuk-A4-hydro_C,Peptidase_M1,Ribosomal_L13
TRINITY_DN29648_c0_g1
TRINITY_DN2726_c1_g1
TRINITY_DN2438_c0_g2_i2.p1	103372.F4WFK0	1.68e-189	538.0	KOG3720@1|root,KOG3720@2759|Eukaryota,3A2VQ@33154|Opisthokonta,3BR8Y@33208|Metazoa,3D7S6@33213|Bilateria,41Z9C@6656|Arthropoda,3SMRS@50557|Insecta,46KKM@7399|Hymenoptera	50557|Insecta	I	Venom acid phosphatase	-	GO:0003674,GO:0003824,GO:0003993,GO:0005575,GO:0005576,GO:0006793,GO:0006796,GO:0008150,GO:0008152,GO:0009987,GO:0016311,GO:0016787,GO:0016788,GO:0016791,GO:0042578,GO:0044237	3.1.3.2,3.1.3.5	ko:K19283	-	-	R11527	RC00017	ko00000,ko01000	-	-	-	His_Phos_2
TRINITY_DN2979_c0_g2
TRINITY_DN1268_c0_g1_i7.p1	12957.ACEP24115-PA	3.01e-189	585.0	COG0666@1|root,KOG0510@2759|Eukaryota,38DGF@33154|Opisthokonta,3BETX@33208|Metazoa,3CRRU@33213|Bilateria,41TMZ@6656|Arthropoda,3SGCZ@50557|Insecta,46JJ5@7399|Hymenoptera	50557|Insecta	S	Ion transport protein	pain	GO:0000003,GO:0003008,GO:0003674,GO:0005215,GO:0005216,GO:0005227,GO:0005261,GO:0005262,GO:0005575,GO:0006810,GO:0006811,GO:0006812,GO:0006816,GO:0006950,GO:0007600,GO:0007610,GO:0007617,GO:0007618,GO:0007619,GO:0007620,GO:0007626,GO:0007631,GO:0007635,GO:0007638,GO:0008016,GO:0008049,GO:0008150,GO:0008324,GO:0008345,GO:0009266,GO:0009408,GO:0009581,GO:0009582,GO:0009605,GO:0009612,GO:0009628,GO:0009629,GO:0015075,GO:0015085,GO:0015267,GO:0015318,GO:0016020,GO:0016021,GO:0016048,GO:0019098,GO:0019233,GO:0019953,GO:0022414,GO:0022803,GO:0022836,GO:0022838,GO:0022839,GO:0022857,GO:0022890,GO:0030001,GO:0030537,GO:0031224,GO:0032501,GO:0032504,GO:0032991,GO:0033555,GO:0034220,GO:0034702,GO:0034703,GO:0034704,GO:0035178,GO:0035179,GO:0040011,GO:0042048,GO:0042221,GO:0042330,GO:0042332,GO:0044057,GO:0044425,GO:0044703,GO:0045924,GO:0046873,GO:0048060,GO:0048265,GO:0048266,GO:0048609,GO:0050789,GO:0050877,GO:0050896,GO:0050906,GO:0050951,GO:0050954,GO:0050955,GO:0050960,GO:0050961,GO:0050965,GO:0050966,GO:0050974,GO:0050982,GO:0051179,GO:0051234,GO:0051239,GO:0051606,GO:0051704,GO:0055085,GO:0060179,GO:0060180,GO:0065007,GO:0065008,GO:0070588,GO:0070838,GO:0072511,GO:0098655,GO:0098660,GO:0098662,GO:0098796,GO:1902495,GO:1903522,GO:1990351	-	ko:K04984	ko04750,map04750	-	-	-	ko00000,ko00001,ko04040	1.A.4.6.1,1.A.4.6.2,1.A.4.6.3,1.A.4.6.5	-	-	Ank,Ank_2,Ank_3,Ank_4,Ank_5,Ion_trans
TRINITY_DN227_c1_g1_i2.p1	103372.F4WKF3	1.8e-73	244.0	KOG3700@1|root,KOG3700@2759|Eukaryota,38GB4@33154|Opisthokonta,3BE7Z@33208|Metazoa,3D4AT@33213|Bilateria,4223T@6656|Arthropoda,3SQM6@50557|Insecta,46G5B@7399|Hymenoptera	50557|Insecta	S	Nose resistant to fluoxetine protein 6-like	-	-	-	-	-	-	-	-	-	-	-	-	Acyl_transf_3
TRINITY_DN3368_c0_g1_i4.p1	103372.F4X561	0.0	1314.0	COG0076@1|root,KOG0628@2759|Eukaryota,38EZZ@33154|Opisthokonta,3B9Z3@33208|Metazoa,3CSPZ@33213|Bilateria,41UB8@6656|Arthropoda,3SFWA@50557|Insecta,46EEG@7399|Hymenoptera	50557|Insecta	E	Pyridoxal-dependent decarboxylase conserved domain	Hdc	GO:0003674,GO:0003824,GO:0004398,GO:0005488,GO:0006082,GO:0006520,GO:0006807,GO:0008144,GO:0008150,GO:0008152,GO:0009266,GO:0009605,GO:0009628,GO:0009987,GO:0016829,GO:0016830,GO:0016831,GO:0019752,GO:0019842,GO:0030170,GO:0036094,GO:0040011,GO:0042330,GO:0043052,GO:0043167,GO:0043168,GO:0043436,GO:0044237,GO:0044238,GO:0044281,GO:0048037,GO:0050662,GO:0050896,GO:0070279,GO:0071704,GO:0097159,GO:1901363,GO:1901564	4.1.1.22	ko:K01590	ko00340,ko01100,ko01110,map00340,map01100,map01110	-	R01167	RC00299	ko00000,ko00001,ko01000	-	-	-	Pyridoxal_deC
TRINITY_DN3630_c0_g1
TRINITY_DN2327_c0_g2
TRINITY_DN910_c0_g2
TRINITY_DN8408_c0_g1
TRINITY_DN658_c1_g1
TRINITY_DN9054_c0_g2
TRINITY_DN6764_c0_g2
TRINITY_DN2346_c1_g2_i1.p1	103372.F4WKC2	1.08e-97	307.0	COG2124@1|root,KOG0158@2759|Eukaryota,38BTY@33154|Opisthokonta,3BF8S@33208|Metazoa,3CV2F@33213|Bilateria,41TTZ@6656|Arthropoda,3SZ1K@50557|Insecta	50557|Insecta	Q	Cytochrome P-450	-	-	-	ko:K14999,ko:K15003	-	-	-	-	ko00000,ko00199,ko01000	-	-	-	p450
TRINITY_DN17274_c0_g1
TRINITY_DN909_c0_g4
TRINITY_DN3112_c0_g1_i13.p1	132113.XP_003486109.1	0.0	1415.0	KOG3515@1|root,KOG3515@2759|Eukaryota,39XQT@33154|Opisthokonta,3BIU6@33208|Metazoa,3D3I9@33213|Bilateria,41X5E@6656|Arthropoda,3SJBI@50557|Insecta,46H88@7399|Hymenoptera	50557|Insecta	T	Immunoglobulin like	-	-	-	-	-	-	-	-	-	-	-	-	C2-set_2,I-set,Ig_3,ig
TRINITY_DN136_c0_g1_i11.p1	103372.F4WIW1	0.0	2030.0	COG5599@1|root,KOG4228@2759|Eukaryota,38C26@33154|Opisthokonta,3BBRE@33208|Metazoa,3CV31@33213|Bilateria,42B4F@6656|Arthropoda,3T0IE@50557|Insecta,46H78@7399|Hymenoptera	50557|Insecta	T	Protein tyrosine phosphatase, catalytic domain	-	-	3.1.3.48	ko:K05695	ko04514,ko04520,ko04910,ko04931,map04514,map04520,map04910,map04931	-	-	-	ko00000,ko00001,ko01000,ko01009,ko04516	-	-	-	Methyltransf_FA,Y_phosphatase,fn3
TRINITY_DN2820_c0_g1
TRINITY_DN3537_c0_g1
TRINITY_DN5824_c0_g1
TRINITY_DN5595_c0_g1_i3.p1	103372.F4WR47	2.78e-142	404.0	KOG3119@1|root,KOG3119@2759|Eukaryota,3A65S@33154|Opisthokonta,3BTN2@33208|Metazoa,3D9AD@33213|Bilateria,420ME@6656|Arthropoda,3SNK3@50557|Insecta,46M2E@7399|Hymenoptera	50557|Insecta	K	basic region leucin zipper	-	GO:0000976,GO:0000977,GO:0000981,GO:0000982,GO:0001012,GO:0001067,GO:0001077,GO:0001228,GO:0003674,GO:0003676,GO:0003677,GO:0003690,GO:0003700,GO:0005488,GO:0005575,GO:0005622,GO:0005623,GO:0005634,GO:0006139,GO:0006351,GO:0006355,GO:0006357,GO:0006366,GO:0006725,GO:0006807,GO:0007275,GO:0008150,GO:0008152,GO:0009058,GO:0009059,GO:0009889,GO:0009891,GO:0009893,GO:0009987,GO:0010467,GO:0010468,GO:0010556,GO:0010557,GO:0010604,GO:0010628,GO:0016070,GO:0018130,GO:0019219,GO:0019222,GO:0019438,GO:0031323,GO:0031325,GO:0031326,GO:0031328,GO:0032501,GO:0032502,GO:0032774,GO:0034641,GO:0034645,GO:0034654,GO:0043170,GO:0043226,GO:0043227,GO:0043229,GO:0043231,GO:0043565,GO:0044212,GO:0044237,GO:0044238,GO:0044249,GO:0044260,GO:0044271,GO:0044424,GO:0044464,GO:0045893,GO:0045935,GO:0045944,GO:0046483,GO:0048518,GO:0048522,GO:0048856,GO:0050789,GO:0050794,GO:0051171,GO:0051173,GO:0051252,GO:0051254,GO:0060255,GO:0065007,GO:0071704,GO:0080090,GO:0090304,GO:0097159,GO:0097659,GO:0140110,GO:1901360,GO:1901362,GO:1901363,GO:1901576,GO:1902680,GO:1903506,GO:1903508,GO:1990837,GO:2000112,GO:2001141	-	-	-	-	-	-	-	-	-	-	bZIP_2
TRINITY_DN4242_c0_g1_i12.p1	103372.F4X3I9	0.0	941.0	COG0591@1|root,KOG2349@2759|Eukaryota,38EY4@33154|Opisthokonta,3BAZ5@33208|Metazoa,3CW54@33213|Bilateria,41U17@6656|Arthropoda,3SK6A@50557|Insecta,46JNM@7399|Hymenoptera	50557|Insecta	P	Sodium:solute symporter family	-	GO:0003674,GO:0005215,GO:0005575,GO:0006810,GO:0008150,GO:0016020,GO:0022857,GO:0051179,GO:0051234,GO:0055085	-	ko:K14388	-	-	-	-	ko00000,ko02000	2.A.21.5.3,2.A.21.5.4,2.A.21.5.5	-	-	SSF
TRINITY_DN1399_c0_g1
TRINITY_DN1592_c0_g1_i2.p1	103372.F4WR75	1.23e-230	654.0	COG2303@1|root,KOG1238@2759|Eukaryota,38UEK@33154|Opisthokonta,3BKIE@33208|Metazoa,3D0K6@33213|Bilateria,41WBY@6656|Arthropoda,3SHXT@50557|Insecta,46JJU@7399|Hymenoptera	50557|Insecta	E	GMC oxidoreductase	-	GO:0000166,GO:0002165,GO:0003674,GO:0003824,GO:0005488,GO:0006629,GO:0007275,GO:0008150,GO:0008152,GO:0008202,GO:0009791,GO:0009987,GO:0010817,GO:0016491,GO:0016614,GO:0032501,GO:0032502,GO:0034754,GO:0036094,GO:0042180,GO:0042445,GO:0043167,GO:0043168,GO:0044237,GO:0044238,GO:0044281,GO:0045455,GO:0048037,GO:0048856,GO:0050660,GO:0050662,GO:0055114,GO:0065007,GO:0065008,GO:0071704,GO:0097159,GO:1901265,GO:1901360,GO:1901363	1.1.3.49	ko:K21270	-	-	-	-	ko00000,ko01000	-	-	-	GMC_oxred_C,GMC_oxred_N
TRINITY_DN3355_c1_g1
TRINITY_DN2384_c0_g1_i2.p1	12957.ACEP14484-PA	3.1e-152	431.0	2BTFT@1|root,2S20X@2759|Eukaryota,3A3UD@33154|Opisthokonta,3BRHY@33208|Metazoa,3D8WJ@33213|Bilateria,4209C@6656|Arthropoda,3SNCK@50557|Insecta,46KVQ@7399|Hymenoptera	50557|Insecta	-	-	-	GO:0003674,GO:0003824,GO:0005575,GO:0005622,GO:0005623,GO:0005737,GO:0006807,GO:0008080,GO:0008150,GO:0008152,GO:0016407,GO:0016410,GO:0016740,GO:0016746,GO:0016747,GO:0044424,GO:0044464	-	-	-	-	-	-	-	-	-	-	Acetyltransf_1
TRINITY_DN7510_c0_g1_i1.p1	103372.F4X433	9.71e-57	191.0	COG2124@1|root,KOG0157@2759|Eukaryota,38NFB@33154|Opisthokonta,3CNH8@33208|Metazoa,3E4N1@33213|Bilateria,42AF8@6656|Arthropoda,3SZWC@50557|Insecta,46N09@7399|Hymenoptera	50557|Insecta	Q	Cytochrome P450	-	-	-	ko:K15001	-	-	-	-	ko00000,ko00199,ko01000	-	-	-	p450
TRINITY_DN12043_c0_g1_i3.p1	7460.GB41408-PA	2.96e-182	513.0	COG5640@1|root,KOG3627@2759|Eukaryota,38CGF@33154|Opisthokonta,3BGUI@33208|Metazoa,3CRKT@33213|Bilateria,429V1@6656|Arthropoda,3SZA3@50557|Insecta,46H74@7399|Hymenoptera	50557|Insecta	O	Domain of unknown function (DUF1986)	-	-	-	-	-	-	-	-	-	-	-	-	Trypsin
TRINITY_DN8584_c0_g5
TRINITY_DN1364_c1_g1_i6.p1	7460.GB42425-PA	3.33e-294	845.0	COG0308@1|root,KOG1046@2759|Eukaryota,38CFG@33154|Opisthokonta,3BD0T@33208|Metazoa,3CUKR@33213|Bilateria,41W20@6656|Arthropoda,3SINB@50557|Insecta,46I0J@7399|Hymenoptera	50557|Insecta	O	ERAP1-like C-terminal domain	-	-	3.4.11.2	ko:K11140	ko00480,ko01100,ko04614,ko04640,map00480,map01100,map04614,map04640	-	R00899,R04951	RC00096,RC00141	ko00000,ko00001,ko01000,ko01002,ko04090,ko04131,ko04147	-	-	-	ERAP1_C,Peptidase_M1
TRINITY_DN7648_c0_g1_i1.p1	34740.HMEL006964-PA	3.19e-16	77.4	28N8N@1|root,2QUTZ@2759|Eukaryota,39XUZ@33154|Opisthokonta,3BIC8@33208|Metazoa,3D1M8@33213|Bilateria,420PE@6656|Arthropoda,3SSD9@50557|Insecta,44B1N@7088|Lepidoptera	50557|Insecta	S	Transposase	-	-	-	-	-	-	-	-	-	-	-	-	DDE_3,HTH_Tnp_Tc3_2
TRINITY_DN26820_c0_g2
TRINITY_DN354_c11_g1
TRINITY_DN2609_c0_g1_i1.p1	12957.ACEP13448-PA	0.0	892.0	KOG0255@1|root,KOG0255@2759|Eukaryota,39UZJ@33154|Opisthokonta,3BDJJ@33208|Metazoa,3D4WW@33213|Bilateria,41X6H@6656|Arthropoda,3SK8Q@50557|Insecta,46FMU@7399|Hymenoptera	50557|Insecta	S	Sugar (and other) transporter	-	GO:0003008,GO:0003674,GO:0005215,GO:0005326,GO:0005575,GO:0005623,GO:0005886,GO:0005887,GO:0006810,GO:0006811,GO:0006812,GO:0006820,GO:0006836,GO:0007610,GO:0007611,GO:0007613,GO:0008150,GO:0008324,GO:0008509,GO:0008514,GO:0008519,GO:0009914,GO:0010646,GO:0010648,GO:0010817,GO:0015075,GO:0015101,GO:0015220,GO:0015695,GO:0015696,GO:0015711,GO:0015870,GO:0015871,GO:0015893,GO:0016020,GO:0016021,GO:0022857,GO:0023051,GO:0023057,GO:0031224,GO:0031226,GO:0031644,GO:0032222,GO:0032223,GO:0032501,GO:0034220,GO:0042221,GO:0042493,GO:0044057,GO:0044425,GO:0044459,GO:0044464,GO:0048519,GO:0048523,GO:0048583,GO:0050789,GO:0050794,GO:0050795,GO:0050804,GO:0050805,GO:0050877,GO:0050890,GO:0050896,GO:0051179,GO:0051234,GO:0051239,GO:0055085,GO:0065007,GO:0065008,GO:0071702,GO:0071705,GO:0071944,GO:0072488,GO:0090328,GO:0098655,GO:0098656,GO:0099177,GO:1901374	-	ko:K08202	ko05231,map05231	-	-	-	ko00000,ko00001,ko02000	2.A.1.19.2,2.A.1.19.3	-	-	MFS_1,Sugar_tr
TRINITY_DN1538_c1_g1
TRINITY_DN56534_c0_g1
TRINITY_DN103_c3_g3_i1.p1	132113.XP_003491743.1	2.66e-102	309.0	COG0075@1|root,KOG2862@2759|Eukaryota,38BJD@33154|Opisthokonta,3BC61@33208|Metazoa,3CYZ6@33213|Bilateria,41WJQ@6656|Arthropoda,3SIYP@50557|Insecta,46FCP@7399|Hymenoptera	50557|Insecta	E	Aminotransferase class-V	Spat	GO:0001505,GO:0003674,GO:0003824,GO:0004760,GO:0005575,GO:0005622,GO:0005623,GO:0005737,GO:0005777,GO:0006081,GO:0006082,GO:0006520,GO:0006544,GO:0006545,GO:0006807,GO:0008150,GO:0008152,GO:0008453,GO:0008483,GO:0008652,GO:0009056,GO:0009058,GO:0009069,GO:0009070,GO:0009436,GO:0009987,GO:0016053,GO:0016054,GO:0016740,GO:0016769,GO:0017144,GO:0019265,GO:0019752,GO:0032787,GO:0042133,GO:0042136,GO:0042579,GO:0043226,GO:0043227,GO:0043229,GO:0043231,GO:0043436,GO:0044237,GO:0044238,GO:0044248,GO:0044249,GO:0044281,GO:0044282,GO:0044283,GO:0044424,GO:0044444,GO:0044464,GO:0046185,GO:0046394,GO:0046395,GO:0046487,GO:0065007,GO:0065008,GO:0071704,GO:0072329,GO:1901564,GO:1901566,GO:1901575,GO:1901576,GO:1901605,GO:1901607	2.6.1.44,2.6.1.45,2.6.1.51	ko:K00830	ko00250,ko00260,ko00630,ko00680,ko01100,ko01110,ko01120,ko01130,ko01200,ko04146,map00250,map00260,map00630,map00680,map01100,map01110,map01120,map01130,map01200,map04146	M00346,M00532	R00369,R00372,R00585,R00588	RC00006,RC00008,RC00018	ko00000,ko00001,ko00002,ko01000,ko01007	-	-	-	Aminotran_5
TRINITY_DN44593_c0_g1
TRINITY_DN408_c0_g2_i2.p1	103372.F4X433	5.93e-66	216.0	COG2124@1|root,KOG0157@2759|Eukaryota,38NFB@33154|Opisthokonta,3CNH8@33208|Metazoa,3E4N1@33213|Bilateria,42AF8@6656|Arthropoda,3SZWC@50557|Insecta,46N09@7399|Hymenoptera	50557|Insecta	Q	Cytochrome P450	-	-	-	ko:K15001	-	-	-	-	ko00000,ko00199,ko01000	-	-	-	p450
TRINITY_DN2908_c0_g1_i1.p1	103372.F4WDB8	4.36e-250	703.0	KOG2120@1|root,KOG2120@2759|Eukaryota,39Y8W@33154|Opisthokonta,3BA3U@33208|Metazoa,3CY7Y@33213|Bilateria,41Y6W@6656|Arthropoda,3SHS9@50557|Insecta,46FGR@7399|Hymenoptera	50557|Insecta	O	A Receptor for Ubiquitination Targets	Skp2	GO:0000151,GO:0000278,GO:0001654,GO:0005575,GO:0005622,GO:0005623,GO:0006508,GO:0006511,GO:0006807,GO:0007049,GO:0007113,GO:0007275,GO:0007423,GO:0007444,GO:0008150,GO:0008152,GO:0009056,GO:0009057,GO:0009888,GO:0009987,GO:0010498,GO:0019005,GO:0019538,GO:0019941,GO:0030163,GO:0031146,GO:0031461,GO:0031647,GO:0032501,GO:0032502,GO:0032991,GO:0035220,GO:0035295,GO:0043161,GO:0043170,GO:0043632,GO:0044237,GO:0044238,GO:0044248,GO:0044257,GO:0044260,GO:0044265,GO:0044267,GO:0044424,GO:0044464,GO:0045787,GO:0048513,GO:0048518,GO:0048522,GO:0048731,GO:0048749,GO:0048856,GO:0050789,GO:0050794,GO:0051603,GO:0051726,GO:0060429,GO:0065007,GO:0065008,GO:0071704,GO:1901564,GO:1901565,GO:1901575,GO:1902494,GO:1990234	-	ko:K03875	ko04068,ko04110,ko04120,ko04150,ko05168,ko05169,ko05200,ko05203,ko05222,map04068,map04110,map04120,map04150,map05168,map05169,map05200,map05203,map05222	M00381	-	-	ko00000,ko00001,ko00002,ko04121	-	-	-	F-box-like,LRR_6
TRINITY_DN5222_c0_g1
TRINITY_DN3462_c0_g1
TRINITY_DN12222_c0_g3
TRINITY_DN19326_c0_g1_i8.p1	12957.ACEP13519-PA	7.49e-116	344.0	KOG2871@1|root,KOG2871@2759|Eukaryota,38D85@33154|Opisthokonta,3BKRW@33208|Metazoa,3CZHV@33213|Bilateria,41YC9@6656|Arthropoda,3SKNA@50557|Insecta	50557|Insecta	S	DUF4205	-	-	-	-	-	-	-	-	-	-	-	-	DUF4205
TRINITY_DN1069_c0_g2
TRINITY_DN8162_c1_g1
TRINITY_DN3619_c0_g2
TRINITY_DN1931_c0_g1_i2.p1	103372.F4WJ50	1.08e-237	661.0	COG2866@1|root,KOG2650@2759|Eukaryota,38DUK@33154|Opisthokonta,3BA6U@33208|Metazoa,3CUQS@33213|Bilateria,41X6V@6656|Arthropoda,3SJNW@50557|Insecta,46F1Z@7399|Hymenoptera	50557|Insecta	O	Zn_pept	-	GO:0003674,GO:0003824,GO:0004180,GO:0004181,GO:0005488,GO:0005575,GO:0005576,GO:0005615,GO:0006508,GO:0006807,GO:0007586,GO:0008150,GO:0008152,GO:0008233,GO:0008235,GO:0008237,GO:0008238,GO:0008270,GO:0016787,GO:0019538,GO:0032501,GO:0043167,GO:0043169,GO:0043170,GO:0044238,GO:0044421,GO:0046872,GO:0046914,GO:0070011,GO:0071704,GO:0140096,GO:1901564	-	-	-	-	-	-	-	-	-	-	Peptidase_M14,Propep_M14
TRINITY_DN1444_c0_g1
TRINITY_DN25148_c0_g1
TRINITY_DN4688_c0_g2
TRINITY_DN102973_c0_g1
TRINITY_DN2533_c0_g1_i9.p1	103372.F4WNP5	0.0	1759.0	KOG3609@1|root,KOG3609@2759|Eukaryota,38BJZ@33154|Opisthokonta,3BNYY@33208|Metazoa,3D4SY@33213|Bilateria,41XXX@6656|Arthropoda,3SGIQ@50557|Insecta,46G1I@7399|Hymenoptera	50557|Insecta	PT	Transient receptor ion channel II	TRP	-	-	ko:K04967	ko04360,ko04745,map04360,map04745	-	-	-	ko00000,ko00001,ko04040	1.A.4.1.1,1.A.4.1.10,1.A.4.1.12,1.A.4.1.9	-	-	Ank,Ank_2,Ion_trans,TRP_2
TRINITY_DN13120_c0_g1
TRINITY_DN3809_c0_g1
TRINITY_DN3301_c0_g1_i1.p1	12957.ACEP11141-PA	0.0	1069.0	KOG4338@1|root,KOG4338@2759|Eukaryota,39VXC@33154|Opisthokonta,3BKCZ@33208|Metazoa,3D0XB@33213|Bilateria,41UXK@6656|Arthropoda,3SGMP@50557|Insecta,46KCU@7399|Hymenoptera	50557|Insecta	I	Lipoprotein amino terminal region	Vg	GO:0003674,GO:0005215,GO:0005319,GO:0005575,GO:0005576,GO:0006810,GO:0006869,GO:0008150,GO:0010876,GO:0033036,GO:0045735,GO:0051179,GO:0051234,GO:0071702	-	-	-	-	-	-	-	-	-	-	DUF1943,VWD,Vitellogenin_N
TRINITY_DN1357_c0_g2_i2.p1	103372.F4X433	5.07e-233	657.0	COG2124@1|root,KOG0157@2759|Eukaryota,38NFB@33154|Opisthokonta,3CNH8@33208|Metazoa,3E4N1@33213|Bilateria,42AF8@6656|Arthropoda,3SZWC@50557|Insecta,46N09@7399|Hymenoptera	50557|Insecta	Q	Cytochrome P450	-	-	-	ko:K15001	-	-	-	-	ko00000,ko00199,ko01000	-	-	-	p450
TRINITY_DN8161_c0_g1
TRINITY_DN12951_c0_g1
TRINITY_DN1810_c0_g2
TRINITY_DN1435_c0_g3
TRINITY_DN8284_c0_g1
TRINITY_DN4783_c0_g1_i3.p1	12957.ACEP27662-PA	1.52e-256	714.0	COG2124@1|root,KOG0156@2759|Eukaryota,39SXI@33154|Opisthokonta,3BG1W@33208|Metazoa,3D50Q@33213|Bilateria,41W2D@6656|Arthropoda,3SH03@50557|Insecta,46GNE@7399|Hymenoptera	50557|Insecta	Q	Cytochrome P450	-	GO:0003674,GO:0003824,GO:0005488,GO:0005506,GO:0008150,GO:0008152,GO:0016491,GO:0016705,GO:0020037,GO:0043167,GO:0043169,GO:0046872,GO:0046906,GO:0046914,GO:0048037,GO:0055114,GO:0097159,GO:1901363	-	ko:K17855	-	-	-	-	ko00000,ko00199	-	-	-	p450
TRINITY_DN1019_c1_g2
TRINITY_DN14256_c0_g1
TRINITY_DN41_c0_g1
TRINITY_DN6701_c0_g1_i2.p1	103372.F4W8W1	0.0	1297.0	2C6CA@1|root,2RZ4E@2759|Eukaryota,3A2FS@33154|Opisthokonta,3BQYI@33208|Metazoa,3D7W6@33213|Bilateria,41ZFQ@6656|Arthropoda,3SK69@50557|Insecta	50557|Insecta	-	-	-	GO:0000003,GO:0000578,GO:0002064,GO:0002065,GO:0002066,GO:0003002,GO:0003006,GO:0003674,GO:0005488,GO:0005539,GO:0005575,GO:0005576,GO:0005622,GO:0005623,GO:0005737,GO:0005886,GO:0007275,GO:0007276,GO:0007281,GO:0007292,GO:0007304,GO:0007305,GO:0007306,GO:0007350,GO:0007351,GO:0007354,GO:0007362,GO:0007389,GO:0008150,GO:0008201,GO:0008595,GO:0009653,GO:0009790,GO:0009798,GO:0009880,GO:0009888,GO:0009897,GO:0009948,GO:0009952,GO:0009986,GO:0009987,GO:0010927,GO:0016020,GO:0016043,GO:0019953,GO:0022412,GO:0022414,GO:0022607,GO:0030154,GO:0030198,GO:0030312,GO:0030703,GO:0030704,GO:0030707,GO:0030855,GO:0032501,GO:0032502,GO:0032504,GO:0032989,GO:0035282,GO:0035803,GO:0035805,GO:0043062,GO:0043167,GO:0043168,GO:0044085,GO:0044421,GO:0044424,GO:0044425,GO:0044459,GO:0044464,GO:0044703,GO:0045171,GO:0045172,GO:0048468,GO:0048477,GO:0048609,GO:0048646,GO:0048856,GO:0048869,GO:0051704,GO:0060388,GO:0060429,GO:0071840,GO:0071944,GO:0085029,GO:0097367,GO:0098552,GO:1901681	-	ko:K20228	ko04013,map04013	-	-	-	ko00000,ko00001	-	-	-	-
TRINITY_DN14556_c0_g1
TRINITY_DN12909_c0_g1
TRINITY_DN3008_c0_g1
TRINITY_DN19300_c0_g1
TRINITY_DN1630_c0_g1_i1.p1	103372.F4WBW5	1.08e-180	506.0	COG0584@1|root,KOG2258@2759|Eukaryota,38DAY@33154|Opisthokonta,3BJU3@33208|Metazoa,3D05T@33213|Bilateria,41W8H@6656|Arthropoda,3SKUN@50557|Insecta,46H91@7399|Hymenoptera	50557|Insecta	C	Glycerophosphoryl diester phosphodiesterase family	-	-	3.1.4.39	ko:K22387	ko00565,map00565	-	R07388	RC00017,RC00425	ko00000,ko00001,ko01000	-	-	-	GDPD
TRINITY_DN8188_c1_g1
TRINITY_DN1517_c2_g1
TRINITY_DN2399_c0_g1
TRINITY_DN4446_c0_g1_i5.p1	103372.F4WUY1	5.29e-237	660.0	COG2939@1|root,KOG1283@2759|Eukaryota,38BFR@33154|Opisthokonta,3BH14@33208|Metazoa,3CS8F@33213|Bilateria,41Y38@6656|Arthropoda,3SG53@50557|Insecta,46JED@7399|Hymenoptera	50557|Insecta	O	Retinoid-inducible serine carboxypeptidase-like	-	-	-	ko:K09646	-	-	-	-	ko00000,ko01000,ko01002	-	-	-	Peptidase_S10
TRINITY_DN17861_c0_g2
TRINITY_DN13164_c0_g1
TRINITY_DN5083_c0_g1_i1.p1	12957.ACEP18462-PA	9.22e-24	94.7	KOG3700@1|root,KOG3700@2759|Eukaryota,38GB4@33154|Opisthokonta,3BE7Z@33208|Metazoa,3D4AT@33213|Bilateria,4223T@6656|Arthropoda,3SQM6@50557|Insecta,46G5B@7399|Hymenoptera	50557|Insecta	S	Nose resistant to fluoxetine protein 6-like	-	-	-	-	-	-	-	-	-	-	-	-	Acyl_transf_3
TRINITY_DN12596_c1_g1
TRINITY_DN21141_c1_g1
TRINITY_DN6544_c0_g1
TRINITY_DN8609_c0_g1
TRINITY_DN12946_c0_g1
TRINITY_DN5958_c0_g2
TRINITY_DN617_c0_g2
TRINITY_DN104675_c0_g1_i1.p1	7425.NV12802-PA	3.3e-115	337.0	2CDJY@1|root,2RASS@2759|Eukaryota,39Z8S@33154|Opisthokonta,3BJRZ@33208|Metazoa,3D5C2@33213|Bilateria,41YBW@6656|Arthropoda,3SI4G@50557|Insecta,46JCE@7399|Hymenoptera	50557|Insecta	S	Juvenile hormone binding protein domains in insects.	-	GO:0005575,GO:0005576,GO:0005615,GO:0007623,GO:0008150,GO:0044421,GO:0048511	-	-	-	-	-	-	-	-	-	-	JHBP
TRINITY_DN870_c0_g1
TRINITY_DN5163_c0_g1
TRINITY_DN14150_c0_g1
TRINITY_DN13816_c0_g1
TRINITY_DN1393_c9_g1
TRINITY_DN1893_c0_g2_i2.p1	103372.F4WQS0	0.0	2484.0	2B2X6@1|root,2S0DR@2759|Eukaryota,39NDB@33154|Opisthokonta,3CPXZ@33208|Metazoa,3E637@33213|Bilateria,42B5P@6656|Arthropoda,3T0JS@50557|Insecta,46KA8@7399|Hymenoptera	50557|Insecta	-	-	-	-	-	ko:K20227	ko04013,map04013	-	-	-	ko00000,ko00001	-	-	-	EPTP
TRINITY_DN3683_c1_g1
TRINITY_DN12176_c0_g1
TRINITY_DN1169_c1_g1
TRINITY_DN4141_c0_g2_i2.p1	103372.F4WYZ7	4.62e-47	159.0	KOG3700@1|root,KOG3700@2759|Eukaryota,38GB4@33154|Opisthokonta,3BE7Z@33208|Metazoa,3D4AT@33213|Bilateria,4223T@6656|Arthropoda,3SQM6@50557|Insecta,46G5B@7399|Hymenoptera	50557|Insecta	S	Nose resistant to fluoxetine protein 6-like	-	-	-	-	-	-	-	-	-	-	-	-	Acyl_transf_3
TRINITY_DN8866_c0_g1
TRINITY_DN1247_c0_g3_i2.p1	12957.ACEP22490-PA	4.96e-74	231.0	COG2124@1|root,KOG0157@2759|Eukaryota,38BG9@33154|Opisthokonta,3BNNU@33208|Metazoa,3D490@33213|Bilateria,41U0B@6656|Arthropoda,3SKTW@50557|Insecta,46E7T@7399|Hymenoptera	50557|Insecta	Q	Cytochrome P450	-	GO:0003674,GO:0003824,GO:0005488,GO:0005506,GO:0008150,GO:0008152,GO:0016491,GO:0016705,GO:0020037,GO:0030431,GO:0032501,GO:0043167,GO:0043169,GO:0046872,GO:0046906,GO:0046914,GO:0048037,GO:0055114,GO:0097159,GO:1901363	-	ko:K15001	-	-	-	-	ko00000,ko00199,ko01000	-	-	-	p450
TRINITY_DN7_c3_g1
TRINITY_DN56_c3_g2_i3.p1	103372.F4WQP2	8.09e-74	238.0	COG3320@1|root,KOG1221@2759|Eukaryota,39WVZ@33154|Opisthokonta,3BJYK@33208|Metazoa,3D16R@33213|Bilateria,41VT5@6656|Arthropoda,3SGUF@50557|Insecta,46HJ8@7399|Hymenoptera	50557|Insecta	I	Catalyzes the reduction of fatty acyl-CoA to fatty alcohols	-	-	1.2.1.84	ko:K13356	ko00073,ko04146,ko04212,map00073,map04146,map04212	-	R09470	RC00004	ko00000,ko00001,ko01000	-	-	-	NAD_binding_4,Sterile
TRINITY_DN158_c0_g2_i1.p1	103372.F4WP01	0.0	1418.0	KOG4155@1|root,KOG4155@2759|Eukaryota,38E37@33154|Opisthokonta,3B99D@33208|Metazoa,3D1SI@33213|Bilateria,41TZ6@6656|Arthropoda,3SJ8B@50557|Insecta,46EXH@7399|Hymenoptera	50557|Insecta	S	WD domain, G-beta repeat	Rbcn-3B	GO:0005575,GO:0005622,GO:0005623,GO:0005737,GO:0006873,GO:0006885,GO:0007035,GO:0007275,GO:0007424,GO:0008150,GO:0008593,GO:0009653,GO:0009966,GO:0009987,GO:0010646,GO:0019725,GO:0023051,GO:0030003,GO:0030004,GO:0030641,GO:0032501,GO:0032502,GO:0035148,GO:0035149,GO:0035152,GO:0035239,GO:0035295,GO:0042592,GO:0044424,GO:0044464,GO:0045851,GO:0048583,GO:0048646,GO:0048731,GO:0048856,GO:0048878,GO:0050789,GO:0050794,GO:0050801,GO:0051452,GO:0051453,GO:0055067,GO:0055080,GO:0055082,GO:0060541,GO:0065007,GO:0065008,GO:0098771	-	-	-	-	-	-	-	-	-	-	WD40
TRINITY_DN3979_c0_g1
TRINITY_DN68180_c0_g1
TRINITY_DN400_c0_g2
TRINITY_DN91871_c0_g1_i1.p1	132113.XP_003487672.1	4.06e-149	436.0	2D8FA@1|root,2TA03@2759|Eukaryota,394U1@33154|Opisthokonta,3C9S7@33208|Metazoa,3DQWR@33213|Bilateria,42C7V@6656|Arthropoda,3SWVH@50557|Insecta,46K3Q@7399|Hymenoptera	50557|Insecta	-	-	-	-	-	-	-	-	-	-	-	-	-	-	-
TRINITY_DN18500_c0_g1_i1.p1	12957.ACEP13443-PA	0.0	1794.0	COG4886@1|root,KOG4641@2759|Eukaryota,38EYJ@33154|Opisthokonta,3BIA8@33208|Metazoa,3D0YP@33213|Bilateria,41U4Z@6656|Arthropoda,3SJ42@50557|Insecta,46GTC@7399|Hymenoptera	50557|Insecta	T	Toll - interleukin 1 - resistance	-	GO:0002009,GO:0002227,GO:0002251,GO:0002376,GO:0002385,GO:0003401,GO:0006950,GO:0006952,GO:0006955,GO:0007154,GO:0007165,GO:0007275,GO:0007399,GO:0007422,GO:0008150,GO:0009653,GO:0009888,GO:0009889,GO:0009987,GO:0010556,GO:0010559,GO:0019222,GO:0022008,GO:0023052,GO:0030154,GO:0030182,GO:0031323,GO:0031326,GO:0031399,GO:0032268,GO:0032501,GO:0032502,GO:0040007,GO:0045087,GO:0048468,GO:0048589,GO:0048666,GO:0048699,GO:0048729,GO:0048731,GO:0048856,GO:0048869,GO:0048934,GO:0048935,GO:0050789,GO:0050794,GO:0050896,GO:0051171,GO:0051246,GO:0051716,GO:0060026,GO:0060049,GO:0060255,GO:0060429,GO:0060560,GO:0065007,GO:0080090,GO:1903018,GO:2000112	-	-	-	-	-	-	-	-	-	-	LRR_5,LRR_8,TIR
TRINITY_DN10323_c0_g1
TRINITY_DN12623_c0_g1
TRINITY_DN1299_c1_g1
TRINITY_DN5523_c0_g1_i1.p1	12957.ACEP17829-PA	6.08e-230	650.0	COG3119@1|root,KOG3867@2759|Eukaryota,38DVH@33154|Opisthokonta,3BAP3@33208|Metazoa,3CRD5@33213|Bilateria,42233@6656|Arthropoda,3SQBB@50557|Insecta,46JXX@7399|Hymenoptera	50557|Insecta	P	Sulfatase	-	-	-	-	-	-	-	-	-	-	-	-	Sulfatase
TRINITY_DN13748_c0_g1_i2.p1	103372.F4WM88	2.39e-212	591.0	KOG3900@1|root,KOG3900@2759|Eukaryota,398IG@33154|Opisthokonta,3BIDE@33208|Metazoa,3D38U@33213|Bilateria,41W3A@6656|Arthropoda,3SJJS@50557|Insecta	50557|Insecta	T	Growth factor activity. It is involved in the biological process described with growth	daw	GO:0000902,GO:0000904,GO:0001932,GO:0001934,GO:0002791,GO:0003674,GO:0005102,GO:0005125,GO:0005126,GO:0005160,GO:0005488,GO:0005515,GO:0005575,GO:0005576,GO:0005615,GO:0006928,GO:0006935,GO:0007154,GO:0007165,GO:0007166,GO:0007167,GO:0007178,GO:0007179,GO:0007275,GO:0007399,GO:0007409,GO:0007411,GO:0007568,GO:0008083,GO:0008150,GO:0008340,GO:0009605,GO:0009653,GO:0009719,GO:0009892,GO:0009893,GO:0009894,GO:0009895,GO:0009966,GO:0009967,GO:0009987,GO:0010033,GO:0010259,GO:0010469,GO:0010506,GO:0010507,GO:0010562,GO:0010604,GO:0010646,GO:0010647,GO:0010817,GO:0010862,GO:0010941,GO:0016043,GO:0019220,GO:0019222,GO:0022008,GO:0023051,GO:0023052,GO:0023056,GO:0030030,GO:0030154,GO:0030182,GO:0030545,GO:0031175,GO:0031323,GO:0031324,GO:0031325,GO:0031329,GO:0031330,GO:0031399,GO:0031401,GO:0032268,GO:0032270,GO:0032501,GO:0032502,GO:0032879,GO:0032880,GO:0032924,GO:0032925,GO:0032927,GO:0032989,GO:0032990,GO:0040011,GO:0042221,GO:0042325,GO:0042327,GO:0042330,GO:0042981,GO:0043067,GO:0043408,GO:0044421,GO:0045937,GO:0046883,GO:0048018,GO:0048468,GO:0048518,GO:0048519,GO:0048522,GO:0048523,GO:0048583,GO:0048584,GO:0048666,GO:0048667,GO:0048699,GO:0048731,GO:0048812,GO:0048856,GO:0048858,GO:0048869,GO:0050708,GO:0050789,GO:0050794,GO:0050796,GO:0050896,GO:0051046,GO:0051049,GO:0051171,GO:0051173,GO:0051174,GO:0051223,GO:0051246,GO:0051247,GO:0051716,GO:0060255,GO:0060393,GO:0060395,GO:0061564,GO:0065007,GO:0065008,GO:0065009,GO:0070201,GO:0070848,GO:0070887,GO:0071310,GO:0071363,GO:0071495,GO:0071559,GO:0071560,GO:0071840,GO:0080090,GO:0090087,GO:0090092,GO:0090100,GO:0090276,GO:0097485,GO:0098772,GO:0120036,GO:0120039,GO:1902531,GO:1903530	-	ko:K04669	-	-	-	-	ko00000,ko01001	-	-	-	TGF_beta,TGFb_propeptide
TRINITY_DN54311_c0_g1
TRINITY_DN42368_c0_g1_i2.p1	103372.F4W4N9	5.46e-118	355.0	COG1816@1|root,KOG1097@2759|Eukaryota,38N9N@33154|Opisthokonta,3BCZH@33208|Metazoa,3CYR5@33213|Bilateria,41V1F@6656|Arthropoda,3SHKH@50557|Insecta,46KJC@7399|Hymenoptera	50557|Insecta	F	Adenosine/AMP deaminase N-terminal	-	GO:0002164,GO:0002376,GO:0002520,GO:0003674,GO:0003824,GO:0004000,GO:0005102,GO:0005488,GO:0005515,GO:0005575,GO:0005576,GO:0005615,GO:0006109,GO:0006139,GO:0006144,GO:0006152,GO:0006154,GO:0006725,GO:0006807,GO:0006950,GO:0007154,GO:0007275,GO:0008083,GO:0008150,GO:0008152,GO:0008284,GO:0009056,GO:0009058,GO:0009112,GO:0009113,GO:0009116,GO:0009119,GO:0009163,GO:0009164,GO:0009267,GO:0009605,GO:0009791,GO:0009966,GO:0009987,GO:0009991,GO:0010469,GO:0010646,GO:0016787,GO:0016810,GO:0016814,GO:0017144,GO:0018130,GO:0019222,GO:0019239,GO:0019438,GO:0019439,GO:0023051,GO:0030097,GO:0030154,GO:0030545,GO:0031667,GO:0031668,GO:0031669,GO:0032501,GO:0032502,GO:0033554,GO:0034404,GO:0034641,GO:0034654,GO:0034655,GO:0034656,GO:0035166,GO:0035167,GO:0042127,GO:0042278,GO:0042386,GO:0042440,GO:0042451,GO:0042454,GO:0042455,GO:0042594,GO:0042737,GO:0043094,GO:0043096,GO:0043101,GO:0043103,GO:0043617,GO:0044237,GO:0044238,GO:0044248,GO:0044249,GO:0044270,GO:0044271,GO:0044281,GO:0044282,GO:0044283,GO:0044421,GO:0046085,GO:0046100,GO:0046101,GO:0046102,GO:0046103,GO:0046112,GO:0046128,GO:0046129,GO:0046130,GO:0046148,GO:0046483,GO:0046700,GO:0048018,GO:0048513,GO:0048518,GO:0048522,GO:0048534,GO:0048542,GO:0048569,GO:0048583,GO:0048731,GO:0048732,GO:0048856,GO:0048869,GO:0050789,GO:0050794,GO:0050896,GO:0051716,GO:0055086,GO:0065007,GO:0065009,GO:0071496,GO:0071704,GO:0072521,GO:0072522,GO:0072523,GO:0080090,GO:0098772,GO:1901135,GO:1901136,GO:1901137,GO:1901360,GO:1901361,GO:1901362,GO:1901564,GO:1901565,GO:1901566,GO:1901575,GO:1901576,GO:1901657,GO:1901658,GO:1901659	3.5.4.4	ko:K01488,ko:K19572	ko00230,ko01100,ko05340,map00230,map01100,map05340	-	R01560,R02556	RC00477	ko00000,ko00001,ko01000	-	-	-	A_deaminase,A_deaminase_N
TRINITY_DN1000_c12_g1
TRINITY_DN4986_c1_g2_i1.p1	103372.F4WTL6	7.52e-266	734.0	KOG2619@1|root,KOG2619@2759|Eukaryota,38GX2@33154|Opisthokonta,3BFHE@33208|Metazoa,3CXGE@33213|Bilateria,41WR3@6656|Arthropoda,3SI3X@50557|Insecta	50557|Insecta	G	Fucosyltransferase, N-terminal	-	-	2.4.1.214	ko:K00753	ko00513,ko01100,map00513,map01100	-	R06015,R09318,R11318	-	ko00000,ko00001,ko01000,ko01003	-	GT10	-	Glyco_tran_10_N,Glyco_transf_10
TRINITY_DN7717_c0_g3
TRINITY_DN1920_c1_g2
TRINITY_DN7000_c0_g2
TRINITY_DN15527_c0_g1
TRINITY_DN1391_c0_g1
TRINITY_DN41_c0_g4
TRINITY_DN2984_c0_g1_i4.p1	12957.ACEP25390-PA	0.0	1076.0	KOG4287@1|root,KOG4287@2759|Eukaryota,38W7Q@33154|Opisthokonta,3B9FY@33208|Metazoa,3CSKJ@33213|Bilateria,41YHD@6656|Arthropoda,3SIXR@50557|Insecta,46JFY@7399|Hymenoptera	50557|Insecta	M	Pectinacetylesterase	-	GO:0003002,GO:0003674,GO:0003824,GO:0005575,GO:0005576,GO:0005615,GO:0006464,GO:0006505,GO:0006507,GO:0006629,GO:0006643,GO:0006644,GO:0006650,GO:0006664,GO:0006793,GO:0006796,GO:0006807,GO:0007275,GO:0007389,GO:0007444,GO:0007447,GO:0007450,GO:0008150,GO:0008152,GO:0009056,GO:0009057,GO:0009888,GO:0009953,GO:0009966,GO:0009968,GO:0009987,GO:0010646,GO:0010648,GO:0016787,GO:0016788,GO:0019538,GO:0019637,GO:0023051,GO:0023057,GO:0030111,GO:0030163,GO:0030178,GO:0032501,GO:0032502,GO:0035220,GO:0035222,GO:0035295,GO:0035601,GO:0036211,GO:0042157,GO:0042159,GO:0043170,GO:0043412,GO:0044237,GO:0044238,GO:0044255,GO:0044260,GO:0044267,GO:0044421,GO:0046486,GO:0046488,GO:0048070,GO:0048073,GO:0048076,GO:0048190,GO:0048513,GO:0048519,GO:0048523,GO:0048583,GO:0048585,GO:0048731,GO:0048856,GO:0050789,GO:0050794,GO:0052689,GO:0060429,GO:0060828,GO:0065007,GO:0071704,GO:0090090,GO:0098732,GO:1901135,GO:1901564,GO:1901565,GO:1901575,GO:1903509,GO:1990697,GO:1990699	3.1.1.98	ko:K19882	ko04310,map04310	-	R11202	RC00020,RC00041	ko00000,ko00001,ko01000	-	-	-	PAE
TRINITY_DN5326_c0_g1_i1.p1	103372.F4W943	0.0	1162.0	KOG0129@1|root,KOG0129@2759|Eukaryota,38VP8@33154|Opisthokonta,3BAFM@33208|Metazoa,3CU2P@33213|Bilateria,41VX0@6656|Arthropoda,3SHRP@50557|Insecta,46GQF@7399|Hymenoptera	50557|Insecta	A	Cytoplasmic polyadenylation element-binding protein ZZ domain	orb	GO:0000003,GO:0000578,GO:0000900,GO:0001709,GO:0002009,GO:0002064,GO:0002065,GO:0002066,GO:0003002,GO:0003006,GO:0003674,GO:0003676,GO:0003723,GO:0003729,GO:0003730,GO:0005488,GO:0005515,GO:0005575,GO:0005622,GO:0005623,GO:0005634,GO:0005737,GO:0006139,GO:0006378,GO:0006396,GO:0006397,GO:0006403,GO:0006412,GO:0006417,GO:0006518,GO:0006725,GO:0006807,GO:0007028,GO:0007163,GO:0007275,GO:0007276,GO:0007281,GO:0007292,GO:0007293,GO:0007294,GO:0007308,GO:0007309,GO:0007310,GO:0007314,GO:0007315,GO:0007316,GO:0007350,GO:0007351,GO:0007389,GO:0008069,GO:0008135,GO:0008150,GO:0008152,GO:0008298,GO:0008358,GO:0008595,GO:0009058,GO:0009059,GO:0009653,GO:0009790,GO:0009798,GO:0009880,GO:0009888,GO:0009889,GO:0009890,GO:0009891,GO:0009892,GO:0009893,GO:0009948,GO:0009950,GO:0009952,GO:0009953,GO:0009987,GO:0009994,GO:0010467,GO:0010468,GO:0010556,GO:0010557,GO:0010558,GO:0010604,GO:0010605,GO:0010608,GO:0010628,GO:0010629,GO:0016043,GO:0016070,GO:0016071,GO:0016333,GO:0016334,GO:0017148,GO:0019094,GO:0019222,GO:0019538,GO:0019953,GO:0021700,GO:0022412,GO:0022414,GO:0022607,GO:0030154,GO:0030371,GO:0030706,GO:0030707,GO:0030716,GO:0030855,GO:0031123,GO:0031124,GO:0031323,GO:0031324,GO:0031325,GO:0031326,GO:0031327,GO:0031328,GO:0032268,GO:0032269,GO:0032270,GO:0032501,GO:0032502,GO:0032504,GO:0032991,GO:0033036,GO:0034248,GO:0034249,GO:0034250,GO:0034641,GO:0034645,GO:0035282,GO:0042995,GO:0043005,GO:0043021,GO:0043022,GO:0043043,GO:0043170,GO:0043226,GO:0043227,GO:0043229,GO:0043231,GO:0043603,GO:0043604,GO:0043631,GO:0044085,GO:0044237,GO:0044238,GO:0044249,GO:0044260,GO:0044267,GO:0044271,GO:0044424,GO:0044464,GO:0044703,GO:0044877,GO:0045165,GO:0045182,GO:0045202,GO:0045451,GO:0045727,GO:0046011,GO:0046012,GO:0046483,GO:0048468,GO:0048469,GO:0048477,GO:0048518,GO:0048519,GO:0048522,GO:0048523,GO:0048599,GO:0048609,GO:0048646,GO:0048729,GO:0048856,GO:0048869,GO:0050789,GO:0050794,GO:0051171,GO:0051172,GO:0051173,GO:0051179,GO:0051246,GO:0051247,GO:0051248,GO:0051641,GO:0051704,GO:0060255,GO:0060429,GO:0060810,GO:0060811,GO:0065007,GO:0070727,GO:0071704,GO:0071840,GO:0080090,GO:0090079,GO:0090304,GO:0097159,GO:0097458,GO:0120025,GO:1901360,GO:1901363,GO:1901564,GO:1901566,GO:1901576,GO:1990124,GO:1990904,GO:2000112,GO:2000113,GO:2000765,GO:2000766	-	ko:K02602	ko04114,ko04320,ko04914,map04114,map04320,map04914	-	-	-	ko00000,ko00001,ko03019	-	-	-	CEBP1_N,CEBP_ZZ,RRM_7
TRINITY_DN2174_c1_g1_i8.p1	7460.GB40681-PA	6.23e-53	177.0	KOG3071@1|root,KOG3071@2759|Eukaryota,3A1EJ@33154|Opisthokonta,3BQ0E@33208|Metazoa,3D6EH@33213|Bilateria,41YXX@6656|Arthropoda,3SMDS@50557|Insecta,46M2T@7399|Hymenoptera	50557|Insecta	I	GNS1/SUR4 family	-	-	2.3.1.199	ko:K10249,ko:K10250	ko00062,ko01110,map00062,map01110	M00415	R09419,R10825	RC00004,RC02888,RC02997	ko00000,ko00001,ko00002,ko01000,ko01004	-	-	-	ELO
TRINITY_DN6764_c1_g1
TRINITY_DN18870_c0_g1
TRINITY_DN3842_c0_g2_i6.p1	7460.GB44774-PA	1.53e-230	647.0	COG0165@1|root,KOG1316@2759|Eukaryota,38CSU@33154|Opisthokonta,3BCPR@33208|Metazoa,3CWDR@33213|Bilateria,41TK8@6656|Arthropoda,3SIE5@50557|Insecta,46JJ6@7399|Hymenoptera	50557|Insecta	E	Argininosuccinate lyase C-terminal	-	GO:0003674,GO:0003824,GO:0004056,GO:0005575,GO:0005622,GO:0005623,GO:0005737,GO:0006082,GO:0006520,GO:0006525,GO:0006526,GO:0006591,GO:0006807,GO:0008150,GO:0008152,GO:0008652,GO:0009058,GO:0009064,GO:0009084,GO:0009987,GO:0016053,GO:0016829,GO:0016840,GO:0016842,GO:0019752,GO:0042450,GO:0043436,GO:0044237,GO:0044238,GO:0044249,GO:0044281,GO:0044283,GO:0044424,GO:0044464,GO:0046394,GO:0071704,GO:1901564,GO:1901566,GO:1901576,GO:1901605,GO:1901607	4.3.2.1	ko:K01755	ko00220,ko00250,ko01100,ko01110,ko01130,ko01230,map00220,map00250,map01100,map01110,map01130,map01230	M00029,M00844,M00845	R01086	RC00445,RC00447	ko00000,ko00001,ko00002,ko01000,ko04147	-	-	-	ASL_C2,Lyase_1
TRINITY_DN56867_c0_g1
TRINITY_DN1324_c0_g1
TRINITY_DN2569_c0_g1
TRINITY_DN3301_c0_g2_i1.p1	12957.ACEP11141-PA	0.0	1392.0	KOG4338@1|root,KOG4338@2759|Eukaryota,39VXC@33154|Opisthokonta,3BKCZ@33208|Metazoa,3D0XB@33213|Bilateria,41UXK@6656|Arthropoda,3SGMP@50557|Insecta,46KCU@7399|Hymenoptera	50557|Insecta	I	Lipoprotein amino terminal region	Vg	GO:0003674,GO:0005215,GO:0005319,GO:0005575,GO:0005576,GO:0006810,GO:0006869,GO:0008150,GO:0010876,GO:0033036,GO:0045735,GO:0051179,GO:0051234,GO:0071702	-	-	-	-	-	-	-	-	-	-	DUF1943,VWD,Vitellogenin_N
TRINITY_DN12082_c0_g1_i6.p1	12957.ACEP21488-PA	2.87e-213	595.0	KOG0490@1|root,KOG0490@2759|Eukaryota,39CKQ@33154|Opisthokonta,3BHYC@33208|Metazoa,3CRSY@33213|Bilateria,41VET@6656|Arthropoda,3SI7A@50557|Insecta,46K51@7399|Hymenoptera	50557|Insecta	K	Zinc-binding domain present in Lin-11, Isl-1, Mec-3.	Awh	GO:0001654,GO:0003674,GO:0003676,GO:0003677,GO:0003700,GO:0005488,GO:0005575,GO:0005622,GO:0005623,GO:0005634,GO:0006355,GO:0007275,GO:0007423,GO:0007444,GO:0008150,GO:0009888,GO:0009889,GO:0010468,GO:0010556,GO:0019219,GO:0019222,GO:0031323,GO:0031326,GO:0032501,GO:0032502,GO:0035295,GO:0043226,GO:0043227,GO:0043229,GO:0043231,GO:0044424,GO:0044464,GO:0048513,GO:0048731,GO:0048749,GO:0048856,GO:0050789,GO:0050794,GO:0051171,GO:0051252,GO:0060255,GO:0060429,GO:0065007,GO:0080090,GO:0097159,GO:0140110,GO:1901363,GO:1903506,GO:2000112,GO:2001141	-	-	-	-	-	-	-	-	-	-	Homeobox,LIM
TRINITY_DN5188_c0_g1
TRINITY_DN9949_c0_g6
TRINITY_DN12038_c1_g1
TRINITY_DN4515_c0_g2
TRINITY_DN39_c0_g1_i3.p1	7460.GB49866-PA	3.36e-170	494.0	KOG0490@1|root,KOG0490@2759|Eukaryota,38E3E@33154|Opisthokonta,3B9E5@33208|Metazoa,3CWXY@33213|Bilateria,41XXR@6656|Arthropoda,3SKBN@50557|Insecta,46GWG@7399|Hymenoptera	50557|Insecta	K	Homeobox domain	-	GO:0000902,GO:0000904,GO:0003674,GO:0003676,GO:0003677,GO:0005488,GO:0006355,GO:0007275,GO:0007399,GO:0007517,GO:0008150,GO:0009653,GO:0009889,GO:0009987,GO:0010468,GO:0010556,GO:0016043,GO:0016358,GO:0019219,GO:0019222,GO:0022008,GO:0030030,GO:0030154,GO:0030182,GO:0031175,GO:0031323,GO:0031326,GO:0032501,GO:0032502,GO:0032989,GO:0032990,GO:0043565,GO:0048468,GO:0048513,GO:0048666,GO:0048667,GO:0048699,GO:0048731,GO:0048812,GO:0048813,GO:0048856,GO:0048858,GO:0048869,GO:0050789,GO:0050794,GO:0051171,GO:0051252,GO:0060255,GO:0061061,GO:0065007,GO:0071840,GO:0080090,GO:0097159,GO:0120036,GO:0120039,GO:1901363,GO:1903506,GO:2000112,GO:2001141	-	-	-	-	-	-	-	-	-	-	Homeobox,OAR
TRINITY_DN20679_c0_g1
TRINITY_DN8501_c0_g1_i2.p1	103372.F4X341	0.0	1226.0	KOG2177@1|root,KOG2177@2759|Eukaryota,38F95@33154|Opisthokonta,3BA7J@33208|Metazoa,3CZWX@33213|Bilateria,41Y28@6656|Arthropoda,3SFNP@50557|Insecta,46DPI@7399|Hymenoptera	50557|Insecta	O	NHL repeat	-	GO:0002164,GO:0002165,GO:0002168,GO:0003674,GO:0005488,GO:0005515,GO:0005575,GO:0005622,GO:0005623,GO:0005912,GO:0005924,GO:0005927,GO:0007275,GO:0007517,GO:0008150,GO:0008270,GO:0009791,GO:0016203,GO:0022407,GO:0030054,GO:0030055,GO:0030155,GO:0030674,GO:0032501,GO:0032502,GO:0033628,GO:0033632,GO:0043167,GO:0043169,GO:0044464,GO:0046872,GO:0046914,GO:0048513,GO:0048731,GO:0048856,GO:0050789,GO:0060090,GO:0060538,GO:0061061,GO:0065007,GO:0070161	2.3.2.27	ko:K12035	ko05206,map05206	-	-	-	ko00000,ko00001,ko01000,ko03019,ko04121	-	-	-	NHL,zf-B_box
TRINITY_DN7606_c1_g1_i6.p1	12957.ACEP12103-PA	2.92e-224	626.0	KOG3656@1|root,KOG3656@2759|Eukaryota,38I5M@33154|Opisthokonta,3BP2D@33208|Metazoa,3D5WU@33213|Bilateria,41YE0@6656|Arthropoda,3SJJY@50557|Insecta,46JK3@7399|Hymenoptera	50557|Insecta	T	Olfactory receptor	-	-	-	-	-	-	-	-	-	-	-	-	7tm_1
TRINITY_DN12128_c0_g1
TRINITY_DN8714_c0_g1
TRINITY_DN688_c4_g2
TRINITY_DN7752_c2_g1
TRINITY_DN5770_c0_g2
TRINITY_DN6444_c0_g1
TRINITY_DN10744_c0_g2
TRINITY_DN835_c1_g3
TRINITY_DN3426_c0_g2
TRINITY_DN103725_c0_g1
TRINITY_DN10045_c0_g1
TRINITY_DN1106_c1_g3
TRINITY_DN1008_c1_g3
TRINITY_DN13996_c0_g3
TRINITY_DN12968_c0_g1
TRINITY_DN9460_c1_g1_i24.p1	103372.F4WWE2	1.38e-304	869.0	COG0308@1|root,KOG1046@2759|Eukaryota,397UJ@33154|Opisthokonta,3CC3V@33208|Metazoa,3DTDP@33213|Bilateria,429GM@6656|Arthropoda,3SW7S@50557|Insecta,46KWK@7399|Hymenoptera	50557|Insecta	EO	Aminopeptidase N-like	-	-	3.4.11.2	ko:K11140	ko00480,ko01100,ko04614,ko04640,map00480,map01100,map04614,map04640	-	R00899,R04951	RC00096,RC00141	ko00000,ko00001,ko01000,ko01002,ko04090,ko04131,ko04147	-	-	-	ERAP1_C,Peptidase_M1
TRINITY_DN1331_c0_g1_i4.p1	103372.F4WQN7	1.39e-235	654.0	2ES0M@1|root,2SUPD@2759|Eukaryota,3AQ1W@33154|Opisthokonta,3C2KT@33208|Metazoa,3DI75@33213|Bilateria,42313@6656|Arthropoda,3SPDM@50557|Insecta,46IGK@7399|Hymenoptera	50557|Insecta	S	OSK domain	osk	GO:0000003,GO:0000226,GO:0000578,GO:0003002,GO:0003006,GO:0003008,GO:0003674,GO:0003676,GO:0003723,GO:0003729,GO:0005488,GO:0005575,GO:0005622,GO:0005623,GO:0005737,GO:0005938,GO:0006403,GO:0006417,GO:0006996,GO:0007010,GO:0007017,GO:0007028,GO:0007163,GO:0007275,GO:0007276,GO:0007277,GO:0007279,GO:0007281,GO:0007292,GO:0007308,GO:0007309,GO:0007314,GO:0007315,GO:0007316,GO:0007318,GO:0007349,GO:0007350,GO:0007351,GO:0007354,GO:0007359,GO:0007389,GO:0007610,GO:0007611,GO:0007612,GO:0007613,GO:0007616,GO:0007632,GO:0008103,GO:0008104,GO:0008150,GO:0008298,GO:0008306,GO:0008358,GO:0008542,GO:0008595,GO:0009266,GO:0009314,GO:0009416,GO:0009628,GO:0009653,GO:0009790,GO:0009798,GO:0009880,GO:0009889,GO:0009891,GO:0009893,GO:0009894,GO:0009948,GO:0009952,GO:0009987,GO:0009994,GO:0010468,GO:0010556,GO:0010557,GO:0010604,GO:0010608,GO:0010628,GO:0016043,GO:0016325,GO:0019094,GO:0019219,GO:0019222,GO:0019953,GO:0021700,GO:0022412,GO:0022414,GO:0022607,GO:0030154,GO:0030719,GO:0030951,GO:0030952,GO:0031323,GO:0031325,GO:0031326,GO:0031328,GO:0031329,GO:0032268,GO:0032270,GO:0032501,GO:0032502,GO:0032504,GO:0032991,GO:0033036,GO:0034248,GO:0034250,GO:0035282,GO:0035770,GO:0036464,GO:0040040,GO:0043186,GO:0043226,GO:0043228,GO:0043229,GO:0043232,GO:0043487,GO:0043488,GO:0043933,GO:0044085,GO:0044424,GO:0044444,GO:0044464,GO:0044703,GO:0045495,GO:0045727,GO:0046011,GO:0048468,GO:0048469,GO:0048477,GO:0048518,GO:0048522,GO:0048599,GO:0048609,GO:0048646,GO:0048856,GO:0048869,GO:0050789,GO:0050794,GO:0050877,GO:0050890,GO:0050896,GO:0051171,GO:0051173,GO:0051179,GO:0051246,GO:0051247,GO:0051252,GO:0051641,GO:0051704,GO:0060255,GO:0060293,GO:0060810,GO:0060811,GO:0061013,GO:0065007,GO:0065008,GO:0070727,GO:0071826,GO:0071840,GO:0071944,GO:0080090,GO:0097159,GO:0099568,GO:1901363,GO:1903311,GO:1990904,GO:2000112	-	ko:K18742	-	-	-	-	ko00000,ko03019	-	-	-	OSK,OST-HTH
TRINITY_DN1870_c0_g1
TRINITY_DN6872_c0_g1_i1.p1	103372.F4WY01	8.96e-76	245.0	COG0639@1|root,KOG0375@2759|Eukaryota,38BQG@33154|Opisthokonta,3BAVD@33208|Metazoa,3CSW7@33213|Bilateria,41TKP@6656|Arthropoda,3SFKH@50557|Insecta,46KPK@7399|Hymenoptera	50557|Insecta	T	Serine threonine-protein phosphatase	-	-	3.1.3.16	ko:K04348	ko04010,ko04020,ko04022,ko04114,ko04218,ko04310,ko04360,ko04370,ko04380,ko04650,ko04658,ko04659,ko04660,ko04662,ko04720,ko04724,ko04728,ko04921,ko04922,ko04924,ko05010,ko05014,ko05031,ko05152,ko05166,ko05167,map04010,map04020,map04022,map04114,map04218,map04310,map04360,map04370,map04380,map04650,map04658,map04659,map04660,map04662,map04720,map04724,map04728,map04921,map04922,map04924,map05010,map05014,map05031,map05152,map05166,map05167	-	-	-	ko00000,ko00001,ko01000,ko01009	-	-	-	Metallophos
TRINITY_DN6199_c0_g1_i1.p1	103372.F4X8T9	0.0	2719.0	COG5640@1|root,KOG3627@2759|Eukaryota,39S22@33154|Opisthokonta,3BM02@33208|Metazoa,3D25I@33213|Bilateria,41UN9@6656|Arthropoda,3SHHE@50557|Insecta,46JNW@7399|Hymenoptera	50557|Insecta	E	Domain of unknown function (DUF1986)	-	GO:0000003,GO:0001775,GO:0002064,GO:0002065,GO:0002066,GO:0003002,GO:0003006,GO:0003674,GO:0003824,GO:0004175,GO:0004252,GO:0006508,GO:0006807,GO:0007154,GO:0007165,GO:0007166,GO:0007275,GO:0007276,GO:0007281,GO:0007292,GO:0007304,GO:0007306,GO:0007308,GO:0007309,GO:0007310,GO:0007313,GO:0007338,GO:0007343,GO:0007389,GO:0008063,GO:0008150,GO:0008152,GO:0008233,GO:0008236,GO:0009566,GO:0009653,GO:0009798,GO:0009888,GO:0009950,GO:0009953,GO:0009987,GO:0009994,GO:0010467,GO:0010927,GO:0016043,GO:0016485,GO:0016787,GO:0017171,GO:0019538,GO:0019953,GO:0021700,GO:0022412,GO:0022414,GO:0022607,GO:0023052,GO:0030154,GO:0030703,GO:0030707,GO:0030855,GO:0032501,GO:0032502,GO:0032504,GO:0032989,GO:0043170,GO:0044085,GO:0044238,GO:0044703,GO:0048468,GO:0048469,GO:0048477,GO:0048599,GO:0048609,GO:0048646,GO:0048856,GO:0048869,GO:0050789,GO:0050794,GO:0050896,GO:0051604,GO:0051704,GO:0051716,GO:0060429,GO:0065007,GO:0070011,GO:0071704,GO:0071840,GO:0140096,GO:1901564	-	-	-	-	-	-	-	-	-	-	DUF1986,Ldl_recept_a,Trypsin
TRINITY_DN23997_c0_g1
TRINITY_DN14776_c0_g1_i5.p2	69319.XP_008558745.1	5.89e-25	105.0	COG2801@1|root,KOG0017@2759|Eukaryota,39TC6@33154|Opisthokonta,3BHT2@33208|Metazoa,3D2MB@33213|Bilateria,41VKT@6656|Arthropoda,3SQJD@50557|Insecta,46JND@7399|Hymenoptera	50557|Insecta	L	nucleic acid binding	-	-	-	-	-	-	-	-	-	-	-	-	DUF1758,DUF1759,Peptidase_A17,rve
TRINITY_DN4507_c0_g1
TRINITY_DN13857_c0_g1
TRINITY_DN2749_c1_g1
TRINITY_DN4737_c0_g2
TRINITY_DN8066_c0_g1
TRINITY_DN274_c1_g1_i3.p1	103372.F4WYW9	1.47e-226	630.0	KOG3656@1|root,KOG3656@2759|Eukaryota,38H4C@33154|Opisthokonta,3BB8A@33208|Metazoa,3CVQ6@33213|Bilateria,41YK6@6656|Arthropoda,3SNFD@50557|Insecta,46GID@7399|Hymenoptera	50557|Insecta	T	7 transmembrane receptor (rhodopsin family)	-	-	-	ko:K04226	ko04020,ko04072,ko04080,ko04270,map04020,map04072,map04080,map04270	-	-	-	ko00000,ko00001,ko04030	-	-	-	7tm_1
TRINITY_DN29472_c0_g3
TRINITY_DN4477_c0_g2
TRINITY_DN5944_c0_g1
TRINITY_DN10927_c0_g2
TRINITY_DN1585_c0_g2
TRINITY_DN10469_c0_g3
TRINITY_DN7199_c0_g1_i2.p1	103372.F4WBY0	1.08e-51	167.0	KOG3700@1|root,KOG3700@2759|Eukaryota,38GB4@33154|Opisthokonta,3BE7Z@33208|Metazoa,3D4AT@33213|Bilateria,4223T@6656|Arthropoda,3SQM6@50557|Insecta,46G5B@7399|Hymenoptera	50557|Insecta	S	Nose resistant to fluoxetine protein 6-like	-	-	-	-	-	-	-	-	-	-	-	-	Acyl_transf_3
TRINITY_DN5799_c0_g2
TRINITY_DN8347_c1_g2
TRINITY_DN63_c0_g5_i1.p1	12957.ACEP15347-PA	2.87e-295	815.0	COG0318@1|root,KOG1176@2759|Eukaryota,38D90@33154|Opisthokonta,3BIS4@33208|Metazoa,3CTVC@33213|Bilateria,41U94@6656|Arthropoda,3SHQB@50557|Insecta,46N54@7399|Hymenoptera	50557|Insecta	I	AMP-binding enzyme C-terminal domain	-	-	-	-	-	-	-	-	-	-	-	-	AMP-binding,AMP-binding_C
TRINITY_DN1620_c0_g2_i1.p1	103372.F4W842	0.0	1214.0	COG5260@1|root,KOG2277@2759|Eukaryota,38HF3@33154|Opisthokonta,3BJC5@33208|Metazoa,3CVUX@33213|Bilateria,41UPR@6656|Arthropoda,3SII2@50557|Insecta,46F89@7399|Hymenoptera	50557|Insecta	D	Cid1 family poly A polymerase	-	GO:0000003,GO:0000212,GO:0000226,GO:0000278,GO:0000280,GO:0000741,GO:0001556,GO:0001775,GO:0002682,GO:0002697,GO:0002700,GO:0002759,GO:0002784,GO:0002805,GO:0002831,GO:0002920,GO:0003006,GO:0003008,GO:0003674,GO:0003824,GO:0004652,GO:0005488,GO:0005515,GO:0005575,GO:0005622,GO:0005623,GO:0005634,GO:0005654,GO:0005737,GO:0006139,GO:0006378,GO:0006396,GO:0006397,GO:0006403,GO:0006725,GO:0006807,GO:0006810,GO:0006996,GO:0006997,GO:0007010,GO:0007017,GO:0007049,GO:0007051,GO:0007052,GO:0007056,GO:0007097,GO:0007143,GO:0007276,GO:0007281,GO:0007292,GO:0007338,GO:0007343,GO:0007344,GO:0007610,GO:0007611,GO:0007613,GO:0007616,GO:0008150,GO:0008152,GO:0008298,GO:0009566,GO:0009889,GO:0009987,GO:0009994,GO:0010467,GO:0016043,GO:0016070,GO:0016071,GO:0016740,GO:0016772,GO:0016779,GO:0019222,GO:0019953,GO:0021700,GO:0022402,GO:0022412,GO:0022414,GO:0022607,GO:0030154,GO:0031123,GO:0031124,GO:0031323,GO:0031326,GO:0031974,GO:0031981,GO:0032101,GO:0032501,GO:0032502,GO:0032504,GO:0033036,GO:0034248,GO:0034641,GO:0035044,GO:0035046,GO:0042995,GO:0043005,GO:0043170,GO:0043226,GO:0043227,GO:0043229,GO:0043231,GO:0043233,GO:0043631,GO:0043900,GO:0044085,GO:0044237,GO:0044238,GO:0044422,GO:0044424,GO:0044428,GO:0044446,GO:0044464,GO:0044703,GO:0046483,GO:0046907,GO:0048284,GO:0048285,GO:0048468,GO:0048469,GO:0048477,GO:0048583,GO:0048599,GO:0048609,GO:0048856,GO:0048869,GO:0050776,GO:0050789,GO:0050794,GO:0050877,GO:0050890,GO:0051171,GO:0051179,GO:0051225,GO:0051234,GO:0051321,GO:0051640,GO:0051641,GO:0051647,GO:0051649,GO:0051656,GO:0051704,GO:0065007,GO:0070013,GO:0070566,GO:0070727,GO:0070925,GO:0071695,GO:0071704,GO:0071840,GO:0090304,GO:0090306,GO:0097458,GO:0120025,GO:0140013,GO:1901360,GO:1902850,GO:1903046,GO:1903047	2.7.7.19	ko:K14079	-	-	-	-	ko00000,ko01000,ko03019	-	-	-	NTP_transf_2,PAP_assoc,SAM_1
TRINITY_DN5285_c0_g5
TRINITY_DN3960_c0_g1_i12.p1	103372.F4WP02	0.0	1155.0	KOG3558@1|root,KOG3559@2759|Eukaryota,38EUS@33154|Opisthokonta,3B9PC@33208|Metazoa,3CRU4@33213|Bilateria,41UQZ@6656|Arthropoda,3SGNT@50557|Insecta,46EX9@7399|Hymenoptera	50557|Insecta	K	Motif C-terminal to PAS motifs (likely to contribute to PAS structural domain)	-	-	-	ko:K09100	-	-	-	-	ko00000,ko03000	-	-	-	HLH,PAS,PAS_3
TRINITY_DN10212_c0_g1
TRINITY_DN14790_c1_g1
TRINITY_DN2017_c0_g1_i6.p4	12957.ACEP12597-PA	1.37e-79	241.0	COG5126@1|root,KOG0044@2759|Eukaryota,39R6Q@33154|Opisthokonta,3BES0@33208|Metazoa,3CYFK@33213|Bilateria,41UMP@6656|Arthropoda,3SKN2@50557|Insecta,46GZC@7399|Hymenoptera	50557|Insecta	T	EF-hand domain	-	-	-	-	-	-	-	-	-	-	-	-	EF-hand_1,EF-hand_5,EF-hand_7
TRINITY_DN8078_c0_g1
TRINITY_DN511_c1_g2
TRINITY_DN3095_c1_g2_i4.p1	7070.TC002379-PA	5.05e-39	147.0	2D373@1|root,2SQFG@2759|Eukaryota,3ANV8@33154|Opisthokonta,3C11N@33208|Metazoa,3DHEH@33213|Bilateria,422SF@6656|Arthropoda,3SRIW@50557|Insecta	50557|Insecta	-	-	-	-	-	-	-	-	-	-	-	-	-	-	-
TRINITY_DN495_c0_g2_i3.p1	7425.NV15599-PA	3.36e-76	238.0	COG1028@1|root,KOG1205@2759|Eukaryota,38DQR@33154|Opisthokonta,3BJDJ@33208|Metazoa,3CUQ1@33213|Bilateria,41ZE3@6656|Arthropoda,3SM7H@50557|Insecta,46M30@7399|Hymenoptera	50557|Insecta	Q	Dehydrogenase reductase SDR family member	-	-	-	-	-	-	-	-	-	-	-	-	adh_short
TRINITY_DN13548_c0_g1
TRINITY_DN6733_c0_g2
TRINITY_DN40850_c0_g3
TRINITY_DN5440_c0_g1_i1.p1	103372.F4WWE2	4.09e-109	352.0	COG0308@1|root,KOG1046@2759|Eukaryota,397UJ@33154|Opisthokonta,3CC3V@33208|Metazoa,3DTDP@33213|Bilateria,429GM@6656|Arthropoda,3SW7S@50557|Insecta,46KWK@7399|Hymenoptera	50557|Insecta	EO	Aminopeptidase N-like	-	-	3.4.11.2	ko:K11140	ko00480,ko01100,ko04614,ko04640,map00480,map01100,map04614,map04640	-	R00899,R04951	RC00096,RC00141	ko00000,ko00001,ko01000,ko01002,ko04090,ko04131,ko04147	-	-	-	ERAP1_C,Peptidase_M1
TRINITY_DN4137_c0_g1
TRINITY_DN1519_c1_g1
TRINITY_DN14445_c0_g2
TRINITY_DN89261_c0_g1
TRINITY_DN9333_c0_g2
TRINITY_DN7951_c0_g1
TRINITY_DN9928_c0_g1
TRINITY_DN12439_c0_g1
TRINITY_DN2410_c0_g3_i1.p1	12957.ACEP21121-PA	1.32e-198	553.0	KOG3071@1|root,KOG3071@2759|Eukaryota,39TCS@33154|Opisthokonta,3BEFM@33208|Metazoa,3D5A5@33213|Bilateria,41UQJ@6656|Arthropoda,3SIAK@50557|Insecta,46HQN@7399|Hymenoptera	50557|Insecta	I	Elongation of very long chain fatty acids protein	-	-	-	-	-	-	-	-	-	-	-	-	ELO
TRINITY_DN1052_c2_g1
TRINITY_DN6024_c0_g1
TRINITY_DN4105_c0_g1_i3.p1	12957.ACEP14047-PA	3.26e-29	115.0	COG3321@1|root,KOG1202@2759|Eukaryota,38D6P@33154|Opisthokonta,3BJ45@33208|Metazoa,3D2W0@33213|Bilateria,41V75@6656|Arthropoda,3SGED@50557|Insecta,46F8Z@7399|Hymenoptera	50557|Insecta	I	It is involved in the biological process described with	-	GO:0003674,GO:0003824,GO:0004312,GO:0005488,GO:0008150,GO:0008152,GO:0009058,GO:0016491,GO:0016740,GO:0016746,GO:0016747,GO:0016787,GO:0016788,GO:0019842,GO:0031177,GO:0033218,GO:0036094,GO:0043167,GO:0043168,GO:0048037,GO:0055114,GO:0072341	2.3.1.85	ko:K00665	ko00061,ko01100,ko01212,ko04152,ko04910,map00061,map01100,map01212,map04152,map04910	M00082,M00083	R01404,R01624,R01626,R01706,R04355,R04428,R04430,R04533,R04534,R04535,R04536,R04537,R04543,R04544,R04566,R04568,R04725,R04726,R04952,R04953,R04954,R04956,R04957,R04959,R04960,R04962,R04963,R04965,R04967,R04968,R04970,R08159	RC00004,RC00014,RC00029,RC00039,RC00052,RC00076,RC00117,RC00120,RC00831,RC01095,RC02727,RC02728,RC02729,RC02857,RC02888	ko00000,ko00001,ko00002,ko01000,ko01004,ko04147	-	-	-	ADH_zinc_N,Acyl_transf_1,KAsynt_C_assoc,KR,Ketoacyl-synt_C,PP-binding,PS-DH,Thioesterase,ketoacyl-synt
TRINITY_DN2890_c0_g2
TRINITY_DN8474_c0_g1
TRINITY_DN4477_c0_g3
TRINITY_DN6459_c0_g1_i1.p1	132113.XP_003487540.1	2.72e-173	482.0	294X7@1|root,2RBUU@2759|Eukaryota,39WSB@33154|Opisthokonta,3BKAU@33208|Metazoa,3CVRP@33213|Bilateria,41U28@6656|Arthropoda,3SG1G@50557|Insecta,46HK7@7399|Hymenoptera	50557|Insecta	S	Chitin-binding domain type 2	Cpap3-a1	GO:0003674,GO:0005488,GO:0005575,GO:0005576,GO:0005615,GO:0006022,GO:0006030,GO:0006040,GO:0006807,GO:0007275,GO:0007424,GO:0008061,GO:0008144,GO:0008150,GO:0008152,GO:0008362,GO:0009987,GO:0010715,GO:0010716,GO:0017144,GO:0032501,GO:0032502,GO:0035150,GO:0035151,GO:0035152,GO:0040003,GO:0040008,GO:0040014,GO:0042335,GO:0043170,GO:0044237,GO:0044421,GO:0048519,GO:0048523,GO:0048638,GO:0048731,GO:0048856,GO:0050789,GO:0050793,GO:0050794,GO:0051128,GO:0051129,GO:0051239,GO:0060541,GO:0065007,GO:0065008,GO:0071704,GO:0090066,GO:0097367,GO:1901071,GO:1901135,GO:1901564,GO:1903053,GO:1903054	-	-	-	-	-	-	-	-	-	-	CBM_14
TRINITY_DN14566_c0_g1
TRINITY_DN15876_c0_g1_i1.p1	103372.F4WKI3	1e-249	706.0	KOG1721@1|root,KOG1721@2759|Eukaryota,39RWK@33154|Opisthokonta,3BFRG@33208|Metazoa,3CTR4@33213|Bilateria,42A74@6656|Arthropoda,3SZNP@50557|Insecta,46MZI@7399|Hymenoptera	50557|Insecta	K	zinc finger	-	-	-	ko:K09213	-	-	-	-	ko00000,ko03000	-	-	-	-
TRINITY_DN14790_c1_g2
TRINITY_DN15497_c0_g1
TRINITY_DN1764_c0_g2
TRINITY_DN4375_c0_g1
TRINITY_DN7176_c0_g1
TRINITY_DN17512_c0_g1
TRINITY_DN9523_c0_g1
TRINITY_DN13946_c0_g2
TRINITY_DN2571_c2_g1_i2.p1	69319.XP_008544509.1	1.9e-164	518.0	COG2801@1|root,KOG0017@2759|Eukaryota,39TC6@33154|Opisthokonta,3BHT2@33208|Metazoa,3D2MB@33213|Bilateria,41VKT@6656|Arthropoda,3SQJD@50557|Insecta,46JND@7399|Hymenoptera	50557|Insecta	L	nucleic acid binding	-	-	-	-	-	-	-	-	-	-	-	-	DUF1758,DUF1759,Peptidase_A17,rve
TRINITY_DN16309_c0_g1_i3.p1	103372.F4X175	2.37e-111	332.0	KOG4802@1|root,KOG4802@2759|Eukaryota,39RIA@33154|Opisthokonta,3BJEM@33208|Metazoa,3D2RJ@33213|Bilateria,4204N@6656|Arthropoda,3SNFJ@50557|Insecta,46KMH@7399|Hymenoptera	50557|Insecta	W	Four-disulfide core domains	-	GO:0003674,GO:0004857,GO:0005575,GO:0005576,GO:0005623,GO:0005886,GO:0008150,GO:0009892,GO:0009897,GO:0009986,GO:0010466,GO:0010605,GO:0016020,GO:0019222,GO:0030162,GO:0030234,GO:0030414,GO:0031012,GO:0031323,GO:0031324,GO:0032268,GO:0032269,GO:0043086,GO:0044092,GO:0044421,GO:0044425,GO:0044459,GO:0044464,GO:0045861,GO:0048519,GO:0048523,GO:0050789,GO:0050790,GO:0050794,GO:0051171,GO:0051172,GO:0051246,GO:0051248,GO:0051336,GO:0051346,GO:0052547,GO:0060255,GO:0061134,GO:0065007,GO:0065009,GO:0071944,GO:0080090,GO:0098552,GO:0098772	-	-	-	-	-	-	-	-	-	-	WAP,fn3
TRINITY_DN11611_c0_g1_i1.p1	103372.F4WM99	0.0	881.0	COG1785@1|root,KOG4126@2759|Eukaryota,38GD6@33154|Opisthokonta,3B9Y3@33208|Metazoa,3CRTE@33213|Bilateria,41W4I@6656|Arthropoda,3SIN7@50557|Insecta,46GSB@7399|Hymenoptera	50557|Insecta	P	Alkaline phosphatase	-	GO:0000003,GO:0003674,GO:0003824,GO:0004035,GO:0005575,GO:0005576,GO:0005615,GO:0005623,GO:0006793,GO:0006796,GO:0006810,GO:0007275,GO:0007399,GO:0008150,GO:0008152,GO:0009986,GO:0009987,GO:0016311,GO:0016787,GO:0016788,GO:0016791,GO:0032501,GO:0032502,GO:0032504,GO:0042044,GO:0042045,GO:0042578,GO:0044237,GO:0044421,GO:0044464,GO:0048731,GO:0048856,GO:0051179,GO:0051234,GO:0070633	3.1.3.1	ko:K01077	ko00730,ko00790,ko01100,ko02020,map00730,map00790,map01100,map02020	M00126	R02135,R04620	RC00017	ko00000,ko00001,ko00002,ko00537,ko01000,ko04147	-	-	-	Alk_phosphatase
TRINITY_DN7677_c0_g1
TRINITY_DN347_c0_g1_i4.p1	7425.NV14455-PA	0.0	1137.0	COG3321@1|root,KOG1202@2759|Eukaryota,38D6P@33154|Opisthokonta,3BJ45@33208|Metazoa,3D2W0@33213|Bilateria,41V75@6656|Arthropoda,3SGED@50557|Insecta,46F8Z@7399|Hymenoptera	50557|Insecta	I	It is involved in the biological process described with	-	GO:0003674,GO:0003824,GO:0004312,GO:0005488,GO:0008150,GO:0008152,GO:0009058,GO:0016491,GO:0016740,GO:0016746,GO:0016747,GO:0016787,GO:0016788,GO:0019842,GO:0031177,GO:0033218,GO:0036094,GO:0043167,GO:0043168,GO:0048037,GO:0055114,GO:0072341	2.3.1.85	ko:K00665	ko00061,ko01100,ko01212,ko04152,ko04910,map00061,map01100,map01212,map04152,map04910	M00082,M00083	R01404,R01624,R01626,R01706,R04355,R04428,R04430,R04533,R04534,R04535,R04536,R04537,R04543,R04544,R04566,R04568,R04725,R04726,R04952,R04953,R04954,R04956,R04957,R04959,R04960,R04962,R04963,R04965,R04967,R04968,R04970,R08159	RC00004,RC00014,RC00029,RC00039,RC00052,RC00076,RC00117,RC00120,RC00831,RC01095,RC02727,RC02728,RC02729,RC02857,RC02888	ko00000,ko00001,ko00002,ko01000,ko01004,ko04147	-	-	-	ADH_zinc_N,Acyl_transf_1,KAsynt_C_assoc,KR,Ketoacyl-synt_C,PP-binding,PS-DH,Thioesterase,ketoacyl-synt
TRINITY_DN15206_c0_g1
TRINITY_DN347_c0_g2_i3.p1	7070.TC015886-PA	1.63e-195	580.0	COG2801@1|root,KOG0017@2759|Eukaryota,39ZQV@33154|Opisthokonta,3BIZ8@33208|Metazoa,3D69X@33213|Bilateria,42CS4@6656|Arthropoda,3T05B@50557|Insecta	50557|Insecta	L	Reverse transcriptase (RNA-dependent DNA polymerase)	-	-	-	-	-	-	-	-	-	-	-	-	RVT_1
TRINITY_DN18079_c0_g1
TRINITY_DN53773_c0_g1
TRINITY_DN364_c0_g2_i1.p1	103372.F4W6Z7	8e-59	198.0	COG2124@1|root,KOG0158@2759|Eukaryota,38BTY@33154|Opisthokonta,3BF8S@33208|Metazoa,3CV2F@33213|Bilateria,41YIV@6656|Arthropoda,3SZ1M@50557|Insecta,46F60@7399|Hymenoptera	50557|Insecta	Q	cytochrome P450	-	GO:0003674,GO:0003824,GO:0005488,GO:0005506,GO:0008150,GO:0008152,GO:0016491,GO:0016705,GO:0020037,GO:0043167,GO:0043169,GO:0046872,GO:0046906,GO:0046914,GO:0048037,GO:0055114,GO:0097159,GO:1901363	-	ko:K15003	-	-	-	-	ko00000,ko00199,ko01000	-	-	-	p450
TRINITY_DN5158_c0_g1
TRINITY_DN65551_c0_g1
TRINITY_DN20132_c1_g1
TRINITY_DN6967_c0_g1_i1.p1	103372.F4WKE9	8.97e-114	347.0	KOG1721@1|root,KOG1721@2759|Eukaryota,38FCJ@33154|Opisthokonta,3B9IA@33208|Metazoa,3CUGX@33213|Bilateria,41W92@6656|Arthropoda,3SFM7@50557|Insecta,46FCJ@7399|Hymenoptera	50557|Insecta	K	C2H2-type zinc finger	-	GO:0000122,GO:0000981,GO:0002009,GO:0002165,GO:0003002,GO:0003674,GO:0003676,GO:0003700,GO:0005488,GO:0005575,GO:0005622,GO:0005623,GO:0005634,GO:0006355,GO:0006357,GO:0007275,GO:0007350,GO:0007365,GO:0007366,GO:0007389,GO:0007444,GO:0007478,GO:0007480,GO:0007552,GO:0007560,GO:0008150,GO:0009653,GO:0009790,GO:0009791,GO:0009880,GO:0009886,GO:0009887,GO:0009888,GO:0009889,GO:0009890,GO:0009891,GO:0009892,GO:0009893,GO:0009952,GO:0010468,GO:0010556,GO:0010557,GO:0010558,GO:0010604,GO:0010605,GO:0010628,GO:0010629,GO:0016348,GO:0019219,GO:0019222,GO:0031323,GO:0031324,GO:0031325,GO:0031326,GO:0031327,GO:0031328,GO:0032501,GO:0032502,GO:0035107,GO:0035114,GO:0035120,GO:0035218,GO:0035239,GO:0035282,GO:0035285,GO:0035295,GO:0036011,GO:0043226,GO:0043227,GO:0043229,GO:0043231,GO:0044424,GO:0044464,GO:0045892,GO:0045893,GO:0045934,GO:0045935,GO:0045944,GO:0048513,GO:0048518,GO:0048519,GO:0048522,GO:0048523,GO:0048563,GO:0048569,GO:0048707,GO:0048729,GO:0048731,GO:0048736,GO:0048737,GO:0048856,GO:0050789,GO:0050794,GO:0051171,GO:0051172,GO:0051173,GO:0051252,GO:0051253,GO:0051254,GO:0060255,GO:0060429,GO:0060562,GO:0065007,GO:0080090,GO:0097159,GO:0140110,GO:1901363,GO:1902679,GO:1902680,GO:1903506,GO:1903507,GO:1903508,GO:2000112,GO:2000113,GO:2001141	-	ko:K09215	-	-	-	-	ko00000,ko03000	-	-	-	zf-C2H2
TRINITY_DN3524_c0_g1
TRINITY_DN12177_c0_g1_i2.p1	12957.ACEP15893-PA	2.33e-144	414.0	COG5640@1|root,KOG3627@2759|Eukaryota,39S3W@33154|Opisthokonta,3BNKY@33208|Metazoa,3CZPF@33213|Bilateria,41W3M@6656|Arthropoda,3SGYG@50557|Insecta,46KYB@7399|Hymenoptera	50557|Insecta	E	Trypsin-like serine protease	-	-	-	-	-	-	-	-	-	-	-	-	Telomere_Sde2,Trypsin
TRINITY_DN2400_c0_g1_i2.p1	7091.BGIBMGA013045-TA	3.96e-31	117.0	COG3321@1|root,KOG1202@2759|Eukaryota,38D6P@33154|Opisthokonta,3BJ45@33208|Metazoa,3D2W0@33213|Bilateria,41V75@6656|Arthropoda,3SGED@50557|Insecta,445W7@7088|Lepidoptera	50557|Insecta	I	It is involved in the biological process described with	-	GO:0003674,GO:0003824,GO:0004312,GO:0005488,GO:0008150,GO:0008152,GO:0009058,GO:0016491,GO:0016740,GO:0016746,GO:0016747,GO:0016787,GO:0016788,GO:0019842,GO:0031177,GO:0033218,GO:0036094,GO:0043167,GO:0043168,GO:0048037,GO:0055114,GO:0072341	2.3.1.85	ko:K00665	ko00061,ko01100,ko01212,ko04152,ko04910,map00061,map01100,map01212,map04152,map04910	M00082,M00083	R01404,R01624,R01626,R01706,R04355,R04428,R04430,R04533,R04534,R04535,R04536,R04537,R04543,R04544,R04566,R04568,R04725,R04726,R04952,R04953,R04954,R04956,R04957,R04959,R04960,R04962,R04963,R04965,R04967,R04968,R04970,R08159	RC00004,RC00014,RC00029,RC00039,RC00052,RC00076,RC00117,RC00120,RC00831,RC01095,RC02727,RC02728,RC02729,RC02857,RC02888	ko00000,ko00001,ko00002,ko01000,ko01004,ko04147	-	-	-	ADH_zinc_N,Acyl_transf_1,KAsynt_C_assoc,KR,Ketoacyl-synt_C,PP-binding,PS-DH,Thioesterase,ketoacyl-synt
TRINITY_DN831_c2_g1
TRINITY_DN44379_c0_g2_i1.p1	103372.F4WFA0	4.18e-124	389.0	KOG3524@1|root,KOG3524@2759|Eukaryota,38C1C@33154|Opisthokonta,3BDRH@33208|Metazoa,3D1GW@33213|Bilateria,41UIU@6656|Arthropoda,3SFKR@50557|Insecta,46E1D@7399|Hymenoptera	50557|Insecta	T	twin BRCT domain	pbl	GO:0000003,GO:0000226,GO:0000278,GO:0000281,GO:0000910,GO:0000912,GO:0000915,GO:0001655,GO:0001667,GO:0001704,GO:0001707,GO:0002009,GO:0003674,GO:0005085,GO:0005088,GO:0005089,GO:0005096,GO:0005102,GO:0005488,GO:0005515,GO:0005543,GO:0005575,GO:0005622,GO:0005623,GO:0005634,GO:0005737,GO:0005886,GO:0005938,GO:0006928,GO:0006996,GO:0007010,GO:0007017,GO:0007049,GO:0007051,GO:0007110,GO:0007111,GO:0007275,GO:0007369,GO:0007399,GO:0007414,GO:0007415,GO:0007422,GO:0007442,GO:0007443,GO:0007498,GO:0007509,GO:0008037,GO:0008038,GO:0008047,GO:0008078,GO:0008104,GO:0008150,GO:0008289,GO:0008360,GO:0008361,GO:0009653,GO:0009790,GO:0009888,GO:0009966,GO:0009968,GO:0009987,GO:0010646,GO:0010648,GO:0010720,GO:0010769,GO:0010975,GO:0016020,GO:0016043,GO:0016477,GO:0017016,GO:0017048,GO:0019899,GO:0022008,GO:0022402,GO:0022414,GO:0022603,GO:0022604,GO:0022607,GO:0023051,GO:0023057,GO:0030029,GO:0030030,GO:0030036,GO:0030111,GO:0030154,GO:0030178,GO:0030182,GO:0030215,GO:0030234,GO:0030676,GO:0030695,GO:0030865,GO:0030866,GO:0031032,GO:0031175,GO:0031267,GO:0031344,GO:0032153,GO:0032154,GO:0032155,GO:0032501,GO:0032502,GO:0032506,GO:0032507,GO:0032535,GO:0033036,GO:0033206,GO:0034613,GO:0035023,GO:0035091,GO:0035239,GO:0035295,GO:0040011,GO:0042074,GO:0043085,GO:0043087,GO:0043167,GO:0043168,GO:0043226,GO:0043227,GO:0043229,GO:0043231,GO:0043547,GO:0044085,GO:0044093,GO:0044424,GO:0044425,GO:0044444,GO:0044459,GO:0044464,GO:0044837,GO:0045185,GO:0045595,GO:0045597,GO:0045664,GO:0045666,GO:0045792,GO:0046578,GO:0048332,GO:0048365,GO:0048468,GO:0048513,GO:0048518,GO:0048519,GO:0048522,GO:0048523,GO:0048546,GO:0048565,GO:0048583,GO:0048585,GO:0048598,GO:0048619,GO:0048646,GO:0048666,GO:0048699,GO:0048729,GO:0048731,GO:0048856,GO:0048869,GO:0048870,GO:0050767,GO:0050769,GO:0050770,GO:0050789,GO:0050790,GO:0050793,GO:0050794,GO:0051020,GO:0051056,GO:0051094,GO:0051128,GO:0051179,GO:0051225,GO:0051235,GO:0051239,GO:0051240,GO:0051301,GO:0051321,GO:0051336,GO:0051345,GO:0051641,GO:0051651,GO:0051674,GO:0051960,GO:0051962,GO:0055123,GO:0060284,GO:0060429,GO:0060562,GO:0060589,GO:0060828,GO:0061326,GO:0061333,GO:0061525,GO:0061564,GO:0061640,GO:0061982,GO:0061983,GO:0065007,GO:0065008,GO:0065009,GO:0070727,GO:0070925,GO:0071840,GO:0071944,GO:0072001,GO:0072002,GO:0090066,GO:0090090,GO:0090130,GO:0098590,GO:0098772,GO:0099568,GO:0120035,GO:0120036,GO:1901981,GO:1902407,GO:1902410,GO:1902531,GO:1903046,GO:1903047,GO:1903475,GO:2000026	-	ko:K20704	-	-	-	-	ko00000,ko04131	-	-	-	BRCT,PTCB-BRCT,RhoGEF
TRINITY_DN227_c1_g2_i2.p1	103372.F4WKF3	2.94e-118	362.0	KOG3700@1|root,KOG3700@2759|Eukaryota,38GB4@33154|Opisthokonta,3BE7Z@33208|Metazoa,3D4AT@33213|Bilateria,4223T@6656|Arthropoda,3SQM6@50557|Insecta,46G5B@7399|Hymenoptera	50557|Insecta	S	Nose resistant to fluoxetine protein 6-like	-	-	-	-	-	-	-	-	-	-	-	-	Acyl_transf_3
TRINITY_DN13093_c0_g1
TRINITY_DN7776_c0_g1
TRINITY_DN7285_c0_g1
TRINITY_DN4402_c0_g1
TRINITY_DN9258_c0_g1
TRINITY_DN10156_c0_g1
TRINITY_DN9482_c0_g1
TRINITY_DN41_c0_g2
TRINITY_DN8146_c0_g1_i1.p1	103372.F4X5T7	1e-177	518.0	COG4886@1|root,KOG0619@2759|Eukaryota,39NC1@33154|Opisthokonta,3CPWQ@33208|Metazoa,3E61U@33213|Bilateria,42B4E@6656|Arthropoda,3T0IA@50557|Insecta,46ISJ@7399|Hymenoptera	50557|Insecta	S	Leucine Rich Repeat	-	-	-	-	-	-	-	-	-	-	-	-	LRR_1,LRR_8
TRINITY_DN3197_c0_g1
TRINITY_DN12198_c1_g2
TRINITY_DN5334_c0_g1
TRINITY_DN7884_c0_g1
TRINITY_DN25386_c0_g1
TRINITY_DN2971_c0_g1
TRINITY_DN56_c3_g1_i2.p1	43151.ADAC000068-PA	3.99e-10	61.2	COG3320@1|root,KOG1221@2759|Eukaryota,39WVZ@33154|Opisthokonta,3BJYK@33208|Metazoa,3D16R@33213|Bilateria,41VT5@6656|Arthropoda,3SGUF@50557|Insecta,44YYG@7147|Diptera,45GDS@7148|Nematocera	50557|Insecta	I	Catalyzes the reduction of fatty acyl-CoA to fatty alcohols	-	GO:0003674,GO:0003824,GO:0005575,GO:0005622,GO:0005623,GO:0005737,GO:0005777,GO:0006139,GO:0006163,GO:0006637,GO:0006725,GO:0006732,GO:0006753,GO:0006790,GO:0006793,GO:0006796,GO:0006807,GO:0008150,GO:0008152,GO:0009058,GO:0009117,GO:0009150,GO:0009259,GO:0009987,GO:0010025,GO:0010166,GO:0016491,GO:0016620,GO:0016903,GO:0019637,GO:0019693,GO:0033865,GO:0033875,GO:0034032,GO:0034641,GO:0035336,GO:0035337,GO:0035383,GO:0042579,GO:0043226,GO:0043227,GO:0043229,GO:0043231,GO:0043603,GO:0044237,GO:0044238,GO:0044281,GO:0044424,GO:0044444,GO:0044464,GO:0046483,GO:0051186,GO:0055086,GO:0055114,GO:0071704,GO:0072521,GO:0080019,GO:1901135,GO:1901360,GO:1901564,GO:1901568,GO:1901570,GO:1901576	1.2.1.84	ko:K13356	ko00073,ko04146,ko04212,map00073,map04146,map04212	-	R09470	RC00004	ko00000,ko00001,ko01000	-	-	-	NAD_binding_4,Sterile
TRINITY_DN6943_c0_g1_i3.p1	7370.XP_005183557.1	5.14e-38	141.0	2B4CP@1|root,2S0GP@2759|Eukaryota,3A33R@33154|Opisthokonta,3BQUW@33208|Metazoa,3E422@33213|Bilateria,41ZVH@6656|Arthropoda,3SZNU@50557|Insecta	50557|Insecta	-	-	-	-	-	-	-	-	-	-	-	-	-	-	-
TRINITY_DN1867_c0_g1_i3.p1	103372.F4WBT1	1.86e-100	298.0	COG5640@1|root,KOG3627@2759|Eukaryota,3AKZ6@33154|Opisthokonta,3C0M0@33208|Metazoa,3DGGI@33213|Bilateria,422IX@6656|Arthropoda,3SR8I@50557|Insecta	50557|Insecta	O	Belongs to the peptidase S1 family	-	-	-	-	-	-	-	-	-	-	-	-	Trypsin
