TRINITY_DN4035_c0_g1_i1.p1	132113.XP_003486288.1	2.24e-236	658.0	2AMXB@1|root,2SF49@2759|Eukaryota,3ACI7@33154|Opisthokonta,3BVVK@33208|Metazoa,3DGYD@33213|Bilateria,422IH@6656|Arthropoda,3SNR1@50557|Insecta,46JFX@7399|Hymenoptera	50557|Insecta	S	Choline/ethanolamine kinase	-	GO:0003674,GO:0005575,GO:0008150	-	-	-	-	-	-	-	-	-	-	EcKinase
TRINITY_DN2112_c0_g2_i5.p1	12957.ACEP13105-PA	2.17e-249	699.0	COG2272@1|root,KOG1516@2759|Eukaryota,38DII@33154|Opisthokonta,3BGG6@33208|Metazoa,3DG6G@33213|Bilateria,41WSV@6656|Arthropoda,3SZY9@50557|Insecta,46N0C@7399|Hymenoptera	6656|Arthropoda	I	alpha/beta hydrolase fold	-	GO:0003008,GO:0003674,GO:0003824,GO:0004104,GO:0005575,GO:0007275,GO:0007568,GO:0007600,GO:0008150,GO:0008340,GO:0009266,GO:0009581,GO:0009582,GO:0009605,GO:0009628,GO:0010033,GO:0010259,GO:0010876,GO:0016048,GO:0016787,GO:0016788,GO:0019233,GO:0019915,GO:0032501,GO:0032502,GO:0033036,GO:0042221,GO:0046683,GO:0048856,GO:0050877,GO:0050896,GO:0050906,GO:0050951,GO:0050961,GO:0050965,GO:0051179,GO:0051235,GO:0051606,GO:0052689,GO:0065007,GO:0065008	3.1.1.1,3.1.1.7	ko:K01044,ko:K01049	ko00564,ko00983,ko01100,ko04725,map00564,map00983,map01100,map04725	-	R01026,R06728,R08220,R08249,R08251,R08255,R08258	RC00020,RC00041,RC00055,RC00162,RC00475,RC00476,RC00523,RC00962,RC02264	ko00000,ko00001,ko00537,ko01000	-	CE10	-	COesterase
TRINITY_DN2756_c0_g1_i6.p1	12957.ACEP22490-PA	4.94e-53	178.0	COG2124@1|root,KOG0157@2759|Eukaryota,38BG9@33154|Opisthokonta,3BNNU@33208|Metazoa,3D490@33213|Bilateria,41U0B@6656|Arthropoda,3SKTW@50557|Insecta,46E7T@7399|Hymenoptera	50557|Insecta	Q	Cytochrome P450	-	GO:0003674,GO:0003824,GO:0005488,GO:0005506,GO:0008150,GO:0008152,GO:0016491,GO:0016705,GO:0020037,GO:0030431,GO:0032501,GO:0043167,GO:0043169,GO:0046872,GO:0046906,GO:0046914,GO:0048037,GO:0055114,GO:0097159,GO:1901363	-	ko:K15001	-	-	-	-	ko00000,ko00199,ko01000	-	-	-	p450
TRINITY_DN1364_c1_g1_i6.p1	7460.GB42425-PA	3.33e-294	845.0	COG0308@1|root,KOG1046@2759|Eukaryota,38CFG@33154|Opisthokonta,3BD0T@33208|Metazoa,3CUKR@33213|Bilateria,41W20@6656|Arthropoda,3SINB@50557|Insecta,46I0J@7399|Hymenoptera	50557|Insecta	O	ERAP1-like C-terminal domain	-	-	3.4.11.2	ko:K11140	ko00480,ko01100,ko04614,ko04640,map00480,map01100,map04614,map04640	-	R00899,R04951	RC00096,RC00141	ko00000,ko00001,ko01000,ko01002,ko04090,ko04131,ko04147	-	-	-	ERAP1_C,Peptidase_M1
TRINITY_DN325_c2_g2
TRINITY_DN1725_c0_g1
TRINITY_DN1489_c0_g2
TRINITY_DN33_c0_g1_i18.p1	12957.ACEP13118-PA	8.38e-295	814.0	KOG1192@1|root,KOG1192@2759|Eukaryota,38B62@33154|Opisthokonta,3BDT1@33208|Metazoa,3CY8Z@33213|Bilateria,4222P@6656|Arthropoda,3SQUN@50557|Insecta,46KUP@7399|Hymenoptera	50557|Insecta	G	UDP-glucoronosyl and UDP-glucosyl transferase	-	-	2.4.1.17	ko:K00699	ko00040,ko00053,ko00140,ko00830,ko00860,ko00980,ko00982,ko00983,ko01100,ko01110,ko05204,map00040,map00053,map00140,map00830,map00860,map00980,map00982,map00983,map01100,map01110,map05204	M00014,M00129	R01383,R02358,R02389,R02478,R02502,R02902,R03091,R04352,R04353,R04354,R04683,R07106,R08259,R08261,R08262,R08263,R08615,R09426,R09427,R09428	RC00005,RC00033,RC00049,RC00059,RC00078,RC00171,RC00397,RC00523,RC00529,RC00708,RC02748	ko00000,ko00001,ko00002,ko01000,ko01003	-	GT1	-	UDPGT
TRINITY_DN3668_c0_g1
TRINITY_DN150_c0_g1_i9.p1	12957.ACEP19023-PA	8.2e-122	375.0	2D3TG@1|root,2SSPN@2759|Eukaryota,3AR2M@33154|Opisthokonta,3C2U0@33208|Metazoa,3DI8D@33213|Bilateria,42364@6656|Arthropoda,3SSG2@50557|Insecta	6656|Arthropoda	T	7tm Odorant receptor	-	GO:0003008,GO:0003674,GO:0004888,GO:0004984,GO:0005488,GO:0005549,GO:0005575,GO:0007154,GO:0007165,GO:0007600,GO:0007606,GO:0007608,GO:0008150,GO:0009593,GO:0009987,GO:0016020,GO:0016021,GO:0023052,GO:0031224,GO:0032501,GO:0038023,GO:0042221,GO:0044425,GO:0050789,GO:0050794,GO:0050877,GO:0050896,GO:0050906,GO:0050907,GO:0050911,GO:0051606,GO:0051716,GO:0060089,GO:0065007	-	ko:K08471	-	-	-	-	ko00000,ko04030	-	-	-	7tm_6
TRINITY_DN7678_c0_g1
TRINITY_DN25964_c0_g1
TRINITY_DN8162_c1_g1
TRINITY_DN136_c0_g1_i11.p1	103372.F4WIW1	0.0	2030.0	COG5599@1|root,KOG4228@2759|Eukaryota,38C26@33154|Opisthokonta,3BBRE@33208|Metazoa,3CV31@33213|Bilateria,42B4F@6656|Arthropoda,3T0IE@50557|Insecta,46H78@7399|Hymenoptera	50557|Insecta	T	Protein tyrosine phosphatase, catalytic domain	-	-	3.1.3.48	ko:K05695	ko04514,ko04520,ko04910,ko04931,map04514,map04520,map04910,map04931	-	-	-	ko00000,ko00001,ko01000,ko01009,ko04516	-	-	-	Methyltransf_FA,Y_phosphatase,fn3
TRINITY_DN4691_c0_g1
TRINITY_DN12297_c0_g1
TRINITY_DN2197_c0_g1_i8.p2	12957.ACEP26195-PA	2.6e-306	841.0	COG0031@1|root,KOG1252@2759|Eukaryota,38B7H@33154|Opisthokonta,3BBJK@33208|Metazoa,3CY68@33213|Bilateria,41TRN@6656|Arthropoda,3SGB6@50557|Insecta,46EQ0@7399|Hymenoptera	50557|Insecta	E	Pyridoxal-phosphate dependent enzyme	Cbs	GO:0000096,GO:0000097,GO:0003674,GO:0003824,GO:0004122,GO:0005488,GO:0005575,GO:0005622,GO:0005623,GO:0005737,GO:0006082,GO:0006520,GO:0006534,GO:0006535,GO:0006563,GO:0006790,GO:0006807,GO:0006950,GO:0007275,GO:0007568,GO:0008144,GO:0008150,GO:0008152,GO:0008340,GO:0008652,GO:0009058,GO:0009069,GO:0009070,GO:0009987,GO:0010259,GO:0016053,GO:0016829,GO:0016835,GO:0016836,GO:0019343,GO:0019344,GO:0019752,GO:0019842,GO:0030170,GO:0032501,GO:0032502,GO:0033554,GO:0034976,GO:0036094,GO:0043167,GO:0043168,GO:0043436,GO:0044237,GO:0044238,GO:0044249,GO:0044272,GO:0044281,GO:0044283,GO:0044424,GO:0044464,GO:0046394,GO:0048037,GO:0048856,GO:0050662,GO:0050667,GO:0050896,GO:0051716,GO:0070279,GO:0071704,GO:0097159,GO:1901363,GO:1901564,GO:1901566,GO:1901576,GO:1901605,GO:1901607	4.2.1.22	ko:K01697	ko00260,ko00270,ko01100,ko01130,ko01230,map00260,map00270,map01100,map01130,map01230	M00035,M00338	R00891,R01290,R04942	RC00056,RC00069,RC00256,RC00489,RC01246	ko00000,ko00001,ko00002,ko01000	-	-	-	CBS,PALP
TRINITY_DN7319_c0_g1
TRINITY_DN1660_c0_g1_i21.p1	12957.ACEP16050-PA	2.44e-259	726.0	2CD5G@1|root,2QQ46@2759|Eukaryota,38DTB@33154|Opisthokonta,3B9AA@33208|Metazoa,3CRPR@33213|Bilateria,41TEE@6656|Arthropoda,3SHVM@50557|Insecta,46HQE@7399|Hymenoptera	50557|Insecta	S	Transglutaminase family, C-terminal ig like domain	Tg	GO:0002376,GO:0003674,GO:0003810,GO:0003824,GO:0006464,GO:0006807,GO:0006950,GO:0006952,GO:0006955,GO:0006959,GO:0007599,GO:0008150,GO:0008152,GO:0009611,GO:0009987,GO:0016740,GO:0016746,GO:0016755,GO:0018149,GO:0019538,GO:0032501,GO:0036211,GO:0042060,GO:0042381,GO:0043170,GO:0043412,GO:0044237,GO:0044238,GO:0044260,GO:0044267,GO:0045087,GO:0050817,GO:0050878,GO:0050896,GO:0065007,GO:0065008,GO:0071704,GO:0140096,GO:1901564	2.3.2.13	ko:K05619	-	-	-	-	ko00000,ko01000	-	-	-	Transglut_C,Transglut_N,Transglut_core
TRINITY_DN10903_c0_g2
TRINITY_DN3651_c0_g1
TRINITY_DN22693_c0_g1_i1.p1	103372.F4WB83	0.0	946.0	COG0364@1|root,KOG0563@2759|Eukaryota,38E2A@33154|Opisthokonta,3BAST@33208|Metazoa,3CVRS@33213|Bilateria,41VN9@6656|Arthropoda,3SJH5@50557|Insecta,46HVJ@7399|Hymenoptera	50557|Insecta	G	Catalyzes the rate-limiting step of the oxidative pentose-phosphate pathway, which represents a route for the dissimilation of carbohydrates besides glycolysis	Zw	GO:0000166,GO:0003674,GO:0003824,GO:0004345,GO:0005488,GO:0005975,GO:0005996,GO:0006006,GO:0006081,GO:0006098,GO:0006139,GO:0006725,GO:0006732,GO:0006733,GO:0006739,GO:0006753,GO:0006793,GO:0006796,GO:0006807,GO:0008150,GO:0008152,GO:0009117,GO:0009987,GO:0016491,GO:0016614,GO:0016616,GO:0019318,GO:0019362,GO:0019637,GO:0019682,GO:0019693,GO:0034641,GO:0036094,GO:0044237,GO:0044238,GO:0044281,GO:0046483,GO:0046496,GO:0048037,GO:0050661,GO:0050662,GO:0051156,GO:0051186,GO:0055086,GO:0055114,GO:0071704,GO:0072524,GO:0097159,GO:1901135,GO:1901265,GO:1901360,GO:1901363,GO:1901564	1.1.1.363,1.1.1.49	ko:K00036	ko00030,ko00480,ko01100,ko01110,ko01120,ko01130,ko01200,ko05230,map00030,map00480,map01100,map01110,map01120,map01130,map01200,map05230	M00004,M00006,M00008	R00835,R02736,R10907	RC00001,RC00066	ko00000,ko00001,ko00002,ko01000,ko04147	-	-	-	G6PD_C,G6PD_N
TRINITY_DN1273_c0_g2_i4.p1	103372.F4WJ50	1.22e-191	545.0	COG2866@1|root,KOG2650@2759|Eukaryota,38DUK@33154|Opisthokonta,3BA6U@33208|Metazoa,3CUQS@33213|Bilateria,41X6V@6656|Arthropoda,3SJNW@50557|Insecta,46F1Z@7399|Hymenoptera	50557|Insecta	O	Zn_pept	-	GO:0003674,GO:0003824,GO:0004180,GO:0004181,GO:0005488,GO:0005575,GO:0005576,GO:0005615,GO:0006508,GO:0006807,GO:0007586,GO:0008150,GO:0008152,GO:0008233,GO:0008235,GO:0008237,GO:0008238,GO:0008270,GO:0016787,GO:0019538,GO:0032501,GO:0043167,GO:0043169,GO:0043170,GO:0044238,GO:0044421,GO:0046872,GO:0046914,GO:0070011,GO:0071704,GO:0140096,GO:1901564	-	-	-	-	-	-	-	-	-	-	Peptidase_M14,Propep_M14
TRINITY_DN5398_c0_g1_i2.p1	103372.F4W5A6	9.95e-186	522.0	COG1398@1|root,KOG1600@2759|Eukaryota,38H82@33154|Opisthokonta,3BKKX@33208|Metazoa,3D3D5@33213|Bilateria,41X1N@6656|Arthropoda,3SJXM@50557|Insecta,46EC3@7399|Hymenoptera	50557|Insecta	I	Oxidoreductase activity, acting on paired donors, with oxidation of a pair of donors resulting in the reduction of molecular oxygen to two molecules of water. It is involved in the biological process described with oxidation-reduction process	-	GO:0003674,GO:0003824,GO:0006629,GO:0008150,GO:0008152,GO:0016491,GO:0016705,GO:0016717,GO:0044238,GO:0055114,GO:0071704	1.14.19.1	ko:K00507	ko01040,ko01212,ko03320,ko04152,ko04212,map01040,map01212,map03320,map04152,map04212	-	R02222	RC00917	ko00000,ko00001,ko01000,ko01004	-	-	-	FA_desaturase
TRINITY_DN2153_c0_g1
TRINITY_DN9282_c0_g1
TRINITY_DN2979_c0_g2
TRINITY_DN593_c0_g2_i4.p1	103372.F4WKF3	2.28e-133	406.0	KOG3700@1|root,KOG3700@2759|Eukaryota,38GB4@33154|Opisthokonta,3BE7Z@33208|Metazoa,3D4AT@33213|Bilateria,4223T@6656|Arthropoda,3SQM6@50557|Insecta,46G5B@7399|Hymenoptera	50557|Insecta	S	Nose resistant to fluoxetine protein 6-like	-	-	-	-	-	-	-	-	-	-	-	-	Acyl_transf_3
TRINITY_DN4116_c0_g1
TRINITY_DN158_c0_g2_i1.p1	103372.F4WP01	0.0	1418.0	KOG4155@1|root,KOG4155@2759|Eukaryota,38E37@33154|Opisthokonta,3B99D@33208|Metazoa,3D1SI@33213|Bilateria,41TZ6@6656|Arthropoda,3SJ8B@50557|Insecta,46EXH@7399|Hymenoptera	50557|Insecta	S	WD domain, G-beta repeat	Rbcn-3B	GO:0005575,GO:0005622,GO:0005623,GO:0005737,GO:0006873,GO:0006885,GO:0007035,GO:0007275,GO:0007424,GO:0008150,GO:0008593,GO:0009653,GO:0009966,GO:0009987,GO:0010646,GO:0019725,GO:0023051,GO:0030003,GO:0030004,GO:0030641,GO:0032501,GO:0032502,GO:0035148,GO:0035149,GO:0035152,GO:0035239,GO:0035295,GO:0042592,GO:0044424,GO:0044464,GO:0045851,GO:0048583,GO:0048646,GO:0048731,GO:0048856,GO:0048878,GO:0050789,GO:0050794,GO:0050801,GO:0051452,GO:0051453,GO:0055067,GO:0055080,GO:0055082,GO:0060541,GO:0065007,GO:0065008,GO:0098771	-	-	-	-	-	-	-	-	-	-	WD40
TRINITY_DN2464_c0_g1_i2.p1	103372.F4WEN7	4.68e-233	654.0	KOG2532@1|root,KOG2532@2759|Eukaryota,38CXA@33154|Opisthokonta,3BG67@33208|Metazoa,3D1CY@33213|Bilateria,41XS1@6656|Arthropoda,3SI50@50557|Insecta,46HEP@7399|Hymenoptera	50557|Insecta	G	Major Facilitator Superfamily	-	GO:0001666,GO:0003002,GO:0003674,GO:0005215,GO:0005575,GO:0005623,GO:0005886,GO:0006810,GO:0006811,GO:0006820,GO:0006950,GO:0007275,GO:0007389,GO:0007444,GO:0007447,GO:0007450,GO:0008150,GO:0009628,GO:0009888,GO:0009953,GO:0016020,GO:0016021,GO:0022857,GO:0031224,GO:0032501,GO:0032502,GO:0035220,GO:0035222,GO:0035295,GO:0036293,GO:0044425,GO:0044464,GO:0048190,GO:0048513,GO:0048731,GO:0048856,GO:0050896,GO:0051179,GO:0051234,GO:0055085,GO:0060429,GO:0070482,GO:0071944	-	ko:K12301	ko04142,map04142	-	-	-	ko00000,ko00001,ko02000	2.A.1.14.10	-	-	MFS_1
TRINITY_DN14256_c0_g1
TRINITY_DN4708_c1_g1
TRINITY_DN2979_c0_g3
TRINITY_DN7111_c0_g1_i2.p1	103372.F4WVP7	1.91e-270	749.0	COG4886@1|root,KOG0619@2759|Eukaryota,38ZJV@33154|Opisthokonta,3BE8F@33208|Metazoa,3D5KF@33213|Bilateria,41VAD@6656|Arthropoda,3SJDC@50557|Insecta,46IU8@7399|Hymenoptera	50557|Insecta	S	Leucine Rich Repeat	-	-	-	-	-	-	-	-	-	-	-	-	LRR_1,LRR_8
TRINITY_DN1744_c0_g2
TRINITY_DN1299_c1_g1
TRINITY_DN3842_c0_g2_i6.p1	7460.GB44774-PA	1.53e-230	647.0	COG0165@1|root,KOG1316@2759|Eukaryota,38CSU@33154|Opisthokonta,3BCPR@33208|Metazoa,3CWDR@33213|Bilateria,41TK8@6656|Arthropoda,3SIE5@50557|Insecta,46JJ6@7399|Hymenoptera	50557|Insecta	E	Argininosuccinate lyase C-terminal	-	GO:0003674,GO:0003824,GO:0004056,GO:0005575,GO:0005622,GO:0005623,GO:0005737,GO:0006082,GO:0006520,GO:0006525,GO:0006526,GO:0006591,GO:0006807,GO:0008150,GO:0008152,GO:0008652,GO:0009058,GO:0009064,GO:0009084,GO:0009987,GO:0016053,GO:0016829,GO:0016840,GO:0016842,GO:0019752,GO:0042450,GO:0043436,GO:0044237,GO:0044238,GO:0044249,GO:0044281,GO:0044283,GO:0044424,GO:0044464,GO:0046394,GO:0071704,GO:1901564,GO:1901566,GO:1901576,GO:1901605,GO:1901607	4.3.2.1	ko:K01755	ko00220,ko00250,ko01100,ko01110,ko01130,ko01230,map00220,map00250,map01100,map01110,map01130,map01230	M00029,M00844,M00845	R01086	RC00445,RC00447	ko00000,ko00001,ko00002,ko01000,ko04147	-	-	-	ASL_C2,Lyase_1
TRINITY_DN1764_c0_g2
TRINITY_DN1273_c0_g3_i2.p1	103372.F4WMS6	2.03e-230	642.0	COG2866@1|root,KOG2650@2759|Eukaryota,38DUK@33154|Opisthokonta,3BA6U@33208|Metazoa,3CUQS@33213|Bilateria,41X6V@6656|Arthropoda,3SJNW@50557|Insecta,46F1Z@7399|Hymenoptera	50557|Insecta	O	Zn_pept	-	GO:0003674,GO:0003824,GO:0004180,GO:0004181,GO:0005488,GO:0005575,GO:0005576,GO:0005615,GO:0006508,GO:0006807,GO:0007586,GO:0008150,GO:0008152,GO:0008233,GO:0008235,GO:0008237,GO:0008238,GO:0008270,GO:0016787,GO:0019538,GO:0032501,GO:0043167,GO:0043169,GO:0043170,GO:0044238,GO:0044421,GO:0046872,GO:0046914,GO:0070011,GO:0071704,GO:0140096,GO:1901564	-	-	-	-	-	-	-	-	-	-	Peptidase_M14,Propep_M14
TRINITY_DN6373_c0_g1_i1.p1	103372.F4W7Z8	4.07e-191	532.0	28J9F@1|root,2QRN6@2759|Eukaryota,38R3J@33154|Opisthokonta,3BEQY@33208|Metazoa,3D2P5@33213|Bilateria,41UF1@6656|Arthropoda,3SJSR@50557|Insecta,46H0W@7399|Hymenoptera	50557|Insecta	H	Glycine N-methyltransferase-like	-	GO:0000096,GO:0003674,GO:0003824,GO:0006082,GO:0006139,GO:0006520,GO:0006534,GO:0006555,GO:0006575,GO:0006725,GO:0006732,GO:0006790,GO:0006807,GO:0006950,GO:0007154,GO:0007275,GO:0007568,GO:0008150,GO:0008152,GO:0008168,GO:0008170,GO:0008340,GO:0008652,GO:0008757,GO:0009056,GO:0009058,GO:0009066,GO:0009069,GO:0009109,GO:0009116,GO:0009119,GO:0009267,GO:0009605,GO:0009987,GO:0009991,GO:0010259,GO:0016053,GO:0016740,GO:0016741,GO:0017144,GO:0017174,GO:0019752,GO:0031667,GO:0031668,GO:0031669,GO:0032259,GO:0032501,GO:0032502,GO:0033353,GO:0033554,GO:0034641,GO:0042278,GO:0042398,GO:0042592,GO:0042594,GO:0042737,GO:0043436,GO:0044237,GO:0044238,GO:0044248,GO:0044249,GO:0044273,GO:0044281,GO:0044283,GO:0046128,GO:0046394,GO:0046439,GO:0046483,GO:0046498,GO:0046500,GO:0048856,GO:0048878,GO:0050843,GO:0050896,GO:0051186,GO:0051187,GO:0051716,GO:0055086,GO:0055088,GO:0055090,GO:0065007,GO:0065008,GO:0070328,GO:0071496,GO:0071704,GO:0072521,GO:1901052,GO:1901054,GO:1901135,GO:1901360,GO:1901564,GO:1901566,GO:1901575,GO:1901576,GO:1901605,GO:1901607,GO:1901657	2.1.1.20	ko:K00552	ko00260,map00260	-	R00367	RC00003,RC00060	ko00000,ko00001,ko01000	-	-	-	Methyltransf_25,Methyltransf_31
TRINITY_DN3605_c0_g1_i8.p1	103372.F4X2M6	2.96e-65	205.0	2CDJY@1|root,2S3EM@2759|Eukaryota,3A56F@33154|Opisthokonta,3BRCJ@33208|Metazoa,3D84J@33213|Bilateria,41ZYJ@6656|Arthropoda,3SNID@50557|Insecta,46IQS@7399|Hymenoptera	50557|Insecta	S	Haemolymph juvenile hormone binding protein (JHBP)	-	-	-	-	-	-	-	-	-	-	-	-	JHBP
TRINITY_DN4867_c0_g1
TRINITY_DN1596_c0_g2_i7.p1	103372.F4WLB8	1.66e-30	120.0	COG2124@1|root,KOG0157@2759|Eukaryota,38CHP@33154|Opisthokonta,3B9GY@33208|Metazoa,3CSG8@33213|Bilateria,41U3I@6656|Arthropoda,3SGAE@50557|Insecta,46KTU@7399|Hymenoptera	50557|Insecta	Q	Cytochrome P450	-	-	-	ko:K07427,ko:K15001	-	-	-	-	ko00000,ko00199,ko01000	-	-	-	p450
TRINITY_DN2125_c0_g1_i2.p1	103372.F4X0H7	2.1e-314	865.0	COG2453@1|root,KOG1720@2759|Eukaryota,39I9A@33154|Opisthokonta,3BF9V@33208|Metazoa,3CXSY@33213|Bilateria,41WXB@6656|Arthropoda,3SIHU@50557|Insecta,46KW3@7399|Hymenoptera	50557|Insecta	V	Dual specificity phosphatase, catalytic domain	-	-	-	ko:K18078	-	-	-	-	ko00000,ko01000,ko01009	-	-	-	DSPc
TRINITY_DN1591_c0_g2
TRINITY_DN3072_c1_g1
TRINITY_DN18901_c0_g1
TRINITY_DN1810_c0_g2
TRINITY_DN6430_c0_g1
TRINITY_DN6703_c0_g1
TRINITY_DN2174_c1_g1_i8.p1	7460.GB40681-PA	6.23e-53	177.0	KOG3071@1|root,KOG3071@2759|Eukaryota,3A1EJ@33154|Opisthokonta,3BQ0E@33208|Metazoa,3D6EH@33213|Bilateria,41YXX@6656|Arthropoda,3SMDS@50557|Insecta,46M2T@7399|Hymenoptera	50557|Insecta	I	GNS1/SUR4 family	-	-	2.3.1.199	ko:K10249,ko:K10250	ko00062,ko01110,map00062,map01110	M00415	R09419,R10825	RC00004,RC02888,RC02997	ko00000,ko00001,ko00002,ko01000,ko01004	-	-	-	ELO
TRINITY_DN1404_c0_g2_i1.p1	103372.F4WJ38	5.16e-30	112.0	2CRZI@1|root,2T8UH@2759|Eukaryota,393FK@33154|Opisthokonta,3C8QC@33208|Metazoa,3DPRU@33213|Bilateria,425YS@6656|Arthropoda,3SVKI@50557|Insecta,46MJY@7399|Hymenoptera	50557|Insecta	S	Insect pheromone-binding family, A10/OS-D	-	-	-	-	-	-	-	-	-	-	-	-	OS-D
TRINITY_DN56_c3_g2_i3.p1	103372.F4WQP2	8.09e-74	238.0	COG3320@1|root,KOG1221@2759|Eukaryota,39WVZ@33154|Opisthokonta,3BJYK@33208|Metazoa,3D16R@33213|Bilateria,41VT5@6656|Arthropoda,3SGUF@50557|Insecta,46HJ8@7399|Hymenoptera	50557|Insecta	I	Catalyzes the reduction of fatty acyl-CoA to fatty alcohols	-	-	1.2.1.84	ko:K13356	ko00073,ko04146,ko04212,map00073,map04146,map04212	-	R09470	RC00004	ko00000,ko00001,ko01000	-	-	-	NAD_binding_4,Sterile
TRINITY_DN1333_c7_g1
TRINITY_DN1931_c0_g1_i2.p1	103372.F4WJ50	1.08e-237	661.0	COG2866@1|root,KOG2650@2759|Eukaryota,38DUK@33154|Opisthokonta,3BA6U@33208|Metazoa,3CUQS@33213|Bilateria,41X6V@6656|Arthropoda,3SJNW@50557|Insecta,46F1Z@7399|Hymenoptera	50557|Insecta	O	Zn_pept	-	GO:0003674,GO:0003824,GO:0004180,GO:0004181,GO:0005488,GO:0005575,GO:0005576,GO:0005615,GO:0006508,GO:0006807,GO:0007586,GO:0008150,GO:0008152,GO:0008233,GO:0008235,GO:0008237,GO:0008238,GO:0008270,GO:0016787,GO:0019538,GO:0032501,GO:0043167,GO:0043169,GO:0043170,GO:0044238,GO:0044421,GO:0046872,GO:0046914,GO:0070011,GO:0071704,GO:0140096,GO:1901564	-	-	-	-	-	-	-	-	-	-	Peptidase_M14,Propep_M14
TRINITY_DN52949_c0_g1_i1.p1	12957.ACEP24239-PA	8.68e-124	372.0	KOG3714@1|root,KOG3714@2759|Eukaryota,39URU@33154|Opisthokonta,3BFDN@33208|Metazoa,3D4ED@33213|Bilateria,41YM1@6656|Arthropoda,3SG52@50557|Insecta,46EWG@7399|Hymenoptera	50557|Insecta	O	Zinc-dependent metalloprotease	-	GO:0003674,GO:0003824,GO:0004175,GO:0004222,GO:0005488,GO:0006508,GO:0006807,GO:0008150,GO:0008152,GO:0008233,GO:0008237,GO:0008270,GO:0016787,GO:0019538,GO:0043167,GO:0043169,GO:0043170,GO:0044238,GO:0046872,GO:0046914,GO:0070011,GO:0071704,GO:0140096,GO:1901564	-	-	-	-	-	-	-	-	-	-	Astacin
TRINITY_DN1799_c0_g2
TRINITY_DN739_c0_g1_i1.p1	103372.F4X2D8	1.14e-94	280.0	COG5126@1|root,KOG0031@2759|Eukaryota,39VDX@33154|Opisthokonta,3BMM3@33208|Metazoa,3D1YT@33213|Bilateria,41YKN@6656|Arthropoda,3SHMC@50557|Insecta,46H55@7399|Hymenoptera	50557|Insecta	Z	Myosin regulatory light chain	Mlc2	GO:0003008,GO:0003012,GO:0003674,GO:0005488,GO:0005509,GO:0005575,GO:0005622,GO:0005623,GO:0005737,GO:0005856,GO:0006996,GO:0007010,GO:0008150,GO:0009653,GO:0009987,GO:0010927,GO:0015629,GO:0016043,GO:0016459,GO:0022607,GO:0030016,GO:0030029,GO:0030036,GO:0030154,GO:0030239,GO:0031032,GO:0032501,GO:0032502,GO:0032989,GO:0032991,GO:0040011,GO:0042692,GO:0043167,GO:0043169,GO:0043226,GO:0043228,GO:0043229,GO:0043232,GO:0043292,GO:0044085,GO:0044422,GO:0044424,GO:0044430,GO:0044444,GO:0044446,GO:0044464,GO:0046872,GO:0048468,GO:0048646,GO:0048856,GO:0048869,GO:0051146,GO:0055001,GO:0055002,GO:0060361,GO:0061061,GO:0070925,GO:0071840,GO:0097435,GO:0099080,GO:0099081,GO:0099512	-	-	-	-	-	-	-	-	-	-	EF-hand_6,EF-hand_8
TRINITY_DN1407_c0_g1_i1.p1	103372.F4X0L8	6.74e-77	242.0	COG2866@1|root,KOG2650@2759|Eukaryota,38DUK@33154|Opisthokonta,3BA6U@33208|Metazoa,3CUQS@33213|Bilateria,41TMX@6656|Arthropoda,3SH76@50557|Insecta,46E3K@7399|Hymenoptera	50557|Insecta	O	Zn_pept	-	GO:0003674,GO:0003824,GO:0004180,GO:0004181,GO:0005488,GO:0005575,GO:0005576,GO:0005615,GO:0006508,GO:0006807,GO:0008150,GO:0008152,GO:0008233,GO:0008235,GO:0008237,GO:0008238,GO:0008270,GO:0016787,GO:0019538,GO:0043167,GO:0043169,GO:0043170,GO:0044238,GO:0044421,GO:0046872,GO:0046914,GO:0070011,GO:0071704,GO:0140096,GO:1901564	-	-	-	-	-	-	-	-	-	-	Peptidase_M14,Propep_M14
TRINITY_DN2049_c1_g1
TRINITY_DN4368_c0_g1
TRINITY_DN7882_c0_g1
TRINITY_DN2400_c0_g1_i2.p1	7091.BGIBMGA013045-TA	3.96e-31	117.0	COG3321@1|root,KOG1202@2759|Eukaryota,38D6P@33154|Opisthokonta,3BJ45@33208|Metazoa,3D2W0@33213|Bilateria,41V75@6656|Arthropoda,3SGED@50557|Insecta,445W7@7088|Lepidoptera	50557|Insecta	I	It is involved in the biological process described with	-	GO:0003674,GO:0003824,GO:0004312,GO:0005488,GO:0008150,GO:0008152,GO:0009058,GO:0016491,GO:0016740,GO:0016746,GO:0016747,GO:0016787,GO:0016788,GO:0019842,GO:0031177,GO:0033218,GO:0036094,GO:0043167,GO:0043168,GO:0048037,GO:0055114,GO:0072341	2.3.1.85	ko:K00665	ko00061,ko01100,ko01212,ko04152,ko04910,map00061,map01100,map01212,map04152,map04910	M00082,M00083	R01404,R01624,R01626,R01706,R04355,R04428,R04430,R04533,R04534,R04535,R04536,R04537,R04543,R04544,R04566,R04568,R04725,R04726,R04952,R04953,R04954,R04956,R04957,R04959,R04960,R04962,R04963,R04965,R04967,R04968,R04970,R08159	RC00004,RC00014,RC00029,RC00039,RC00052,RC00076,RC00117,RC00120,RC00831,RC01095,RC02727,RC02728,RC02729,RC02857,RC02888	ko00000,ko00001,ko00002,ko01000,ko01004,ko04147	-	-	-	ADH_zinc_N,Acyl_transf_1,KAsynt_C_assoc,KR,Ketoacyl-synt_C,PP-binding,PS-DH,Thioesterase,ketoacyl-synt
TRINITY_DN7_c3_g1
TRINITY_DN7144_c0_g1_i1.p1	132113.XP_003486090.1	0.0	1110.0	2CMKE@1|root,2QQP5@2759|Eukaryota,38SXB@33154|Opisthokonta,3BG8X@33208|Metazoa,3D3DY@33213|Bilateria,41WKH@6656|Arthropoda,3SJIC@50557|Insecta,46ECV@7399|Hymenoptera	50557|Insecta	O	It is involved in the biological process described with	-	GO:0003674,GO:0003824,GO:0004099,GO:0004553,GO:0004568,GO:0005488,GO:0005575,GO:0005576,GO:0005604,GO:0005615,GO:0005622,GO:0005623,GO:0005737,GO:0005768,GO:0005770,GO:0005975,GO:0006022,GO:0006026,GO:0006030,GO:0006032,GO:0006040,GO:0006807,GO:0007275,GO:0007424,GO:0008061,GO:0008144,GO:0008150,GO:0008152,GO:0009056,GO:0009057,GO:0009987,GO:0012505,GO:0016787,GO:0016798,GO:0016810,GO:0016811,GO:0017144,GO:0019213,GO:0031012,GO:0031410,GO:0031982,GO:0032501,GO:0032502,GO:0035150,GO:0035151,GO:0035152,GO:0035159,GO:0042737,GO:0043170,GO:0043226,GO:0043227,GO:0043229,GO:0044237,GO:0044238,GO:0044248,GO:0044421,GO:0044424,GO:0044444,GO:0044464,GO:0046348,GO:0048731,GO:0048856,GO:0060541,GO:0062023,GO:0065007,GO:0065008,GO:0071704,GO:0090066,GO:0097367,GO:0097708,GO:1901071,GO:1901072,GO:1901135,GO:1901136,GO:1901564,GO:1901565,GO:1901575	-	-	-	-	-	-	-	-	-	-	CBM_14,Ldl_recept_a,Polysacc_deac_1
TRINITY_DN4246_c0_g1_i1.p1	103372.F4X6F0	6.29e-93	279.0	2D9UG@1|root,2TG3Z@2759|Eukaryota,39BXB@33154|Opisthokonta,3CFYK@33208|Metazoa,3DXD9@33213|Bilateria,426U4@6656|Arthropoda,3ST97@50557|Insecta,46IR4@7399|Hymenoptera	50557|Insecta	S	Insect cuticle protein	-	-	-	-	-	-	-	-	-	-	-	-	Chitin_bind_4
TRINITY_DN3197_c0_g1
TRINITY_DN5289_c0_g1
TRINITY_DN7884_c0_g1
TRINITY_DN3301_c0_g1_i1.p1	12957.ACEP11141-PA	0.0	1069.0	KOG4338@1|root,KOG4338@2759|Eukaryota,39VXC@33154|Opisthokonta,3BKCZ@33208|Metazoa,3D0XB@33213|Bilateria,41UXK@6656|Arthropoda,3SGMP@50557|Insecta,46KCU@7399|Hymenoptera	50557|Insecta	I	Lipoprotein amino terminal region	Vg	GO:0003674,GO:0005215,GO:0005319,GO:0005575,GO:0005576,GO:0006810,GO:0006869,GO:0008150,GO:0010876,GO:0033036,GO:0045735,GO:0051179,GO:0051234,GO:0071702	-	-	-	-	-	-	-	-	-	-	DUF1943,VWD,Vitellogenin_N
TRINITY_DN13920_c0_g2
TRINITY_DN4750_c0_g1
TRINITY_DN8913_c0_g2_i12.p1	103372.F4WCH4	1.42e-98	321.0	29KXA@1|root,2RU6J@2759|Eukaryota,38W5H@33154|Opisthokonta,3C9WY@33208|Metazoa,3DRTD@33213|Bilateria,4276N@6656|Arthropoda,3SYYT@50557|Insecta,46M9F@7399|Hymenoptera	50557|Insecta	T	7tm Odorant receptor	-	-	-	ko:K08471	-	-	-	-	ko00000,ko04030	-	-	-	7tm_6
TRINITY_DN7776_c0_g1
TRINITY_DN347_c0_g1_i4.p1	7425.NV14455-PA	0.0	1137.0	COG3321@1|root,KOG1202@2759|Eukaryota,38D6P@33154|Opisthokonta,3BJ45@33208|Metazoa,3D2W0@33213|Bilateria,41V75@6656|Arthropoda,3SGED@50557|Insecta,46F8Z@7399|Hymenoptera	50557|Insecta	I	It is involved in the biological process described with	-	GO:0003674,GO:0003824,GO:0004312,GO:0005488,GO:0008150,GO:0008152,GO:0009058,GO:0016491,GO:0016740,GO:0016746,GO:0016747,GO:0016787,GO:0016788,GO:0019842,GO:0031177,GO:0033218,GO:0036094,GO:0043167,GO:0043168,GO:0048037,GO:0055114,GO:0072341	2.3.1.85	ko:K00665	ko00061,ko01100,ko01212,ko04152,ko04910,map00061,map01100,map01212,map04152,map04910	M00082,M00083	R01404,R01624,R01626,R01706,R04355,R04428,R04430,R04533,R04534,R04535,R04536,R04537,R04543,R04544,R04566,R04568,R04725,R04726,R04952,R04953,R04954,R04956,R04957,R04959,R04960,R04962,R04963,R04965,R04967,R04968,R04970,R08159	RC00004,RC00014,RC00029,RC00039,RC00052,RC00076,RC00117,RC00120,RC00831,RC01095,RC02727,RC02728,RC02729,RC02857,RC02888	ko00000,ko00001,ko00002,ko01000,ko01004,ko04147	-	-	-	ADH_zinc_N,Acyl_transf_1,KAsynt_C_assoc,KR,Ketoacyl-synt_C,PP-binding,PS-DH,Thioesterase,ketoacyl-synt
TRINITY_DN3119_c0_g1
TRINITY_DN347_c0_g2_i3.p1	7070.TC015886-PA	1.63e-195	580.0	COG2801@1|root,KOG0017@2759|Eukaryota,39ZQV@33154|Opisthokonta,3BIZ8@33208|Metazoa,3D69X@33213|Bilateria,42CS4@6656|Arthropoda,3T05B@50557|Insecta	50557|Insecta	L	Reverse transcriptase (RNA-dependent DNA polymerase)	-	-	-	-	-	-	-	-	-	-	-	-	RVT_1
TRINITY_DN745_c1_g2
TRINITY_DN2398_c0_g2
TRINITY_DN107129_c0_g1_i1.p1	12957.ACEP26616-PA	1.18e-64	207.0	COG0553@1|root,KOG0298@2759|Eukaryota,39P97@33154|Opisthokonta,3CQTR@33208|Metazoa,3E70M@33213|Bilateria,42B6J@6656|Arthropoda,3T0KR@50557|Insecta,46N2I@7399|Hymenoptera	50557|Insecta	B	Domain in histone families 1 and 5	-	-	-	ko:K11275	-	-	-	-	ko00000,ko03036	-	-	-	Linker_histone
TRINITY_DN4375_c0_g1
TRINITY_DN3426_c0_g2
TRINITY_DN12084_c0_g1_i3.p1	12957.ACEP15137-PA	6.89e-61	202.0	COG3321@1|root,KOG1202@2759|Eukaryota,38D6P@33154|Opisthokonta,3BJ45@33208|Metazoa,3D2W0@33213|Bilateria,41V75@6656|Arthropoda,3SGED@50557|Insecta,46F8Z@7399|Hymenoptera	50557|Insecta	I	It is involved in the biological process described with	-	GO:0003674,GO:0003824,GO:0004312,GO:0005488,GO:0008150,GO:0008152,GO:0009058,GO:0016491,GO:0016740,GO:0016746,GO:0016747,GO:0016787,GO:0016788,GO:0019842,GO:0031177,GO:0033218,GO:0036094,GO:0043167,GO:0043168,GO:0048037,GO:0055114,GO:0072341	2.3.1.85	ko:K00665	ko00061,ko01100,ko01212,ko04152,ko04910,map00061,map01100,map01212,map04152,map04910	M00082,M00083	R01404,R01624,R01626,R01706,R04355,R04428,R04430,R04533,R04534,R04535,R04536,R04537,R04543,R04544,R04566,R04568,R04725,R04726,R04952,R04953,R04954,R04956,R04957,R04959,R04960,R04962,R04963,R04965,R04967,R04968,R04970,R08159	RC00004,RC00014,RC00029,RC00039,RC00052,RC00076,RC00117,RC00120,RC00831,RC01095,RC02727,RC02728,RC02729,RC02857,RC02888	ko00000,ko00001,ko00002,ko01000,ko01004,ko04147	-	-	-	ADH_zinc_N,Acyl_transf_1,KAsynt_C_assoc,KR,Ketoacyl-synt_C,PP-binding,PS-DH,Thioesterase,ketoacyl-synt
TRINITY_DN2820_c0_g1
TRINITY_DN15033_c0_g1
TRINITY_DN5855_c0_g1
TRINITY_DN4105_c0_g1_i3.p1	12957.ACEP14047-PA	3.26e-29	115.0	COG3321@1|root,KOG1202@2759|Eukaryota,38D6P@33154|Opisthokonta,3BJ45@33208|Metazoa,3D2W0@33213|Bilateria,41V75@6656|Arthropoda,3SGED@50557|Insecta,46F8Z@7399|Hymenoptera	50557|Insecta	I	It is involved in the biological process described with	-	GO:0003674,GO:0003824,GO:0004312,GO:0005488,GO:0008150,GO:0008152,GO:0009058,GO:0016491,GO:0016740,GO:0016746,GO:0016747,GO:0016787,GO:0016788,GO:0019842,GO:0031177,GO:0033218,GO:0036094,GO:0043167,GO:0043168,GO:0048037,GO:0055114,GO:0072341	2.3.1.85	ko:K00665	ko00061,ko01100,ko01212,ko04152,ko04910,map00061,map01100,map01212,map04152,map04910	M00082,M00083	R01404,R01624,R01626,R01706,R04355,R04428,R04430,R04533,R04534,R04535,R04536,R04537,R04543,R04544,R04566,R04568,R04725,R04726,R04952,R04953,R04954,R04956,R04957,R04959,R04960,R04962,R04963,R04965,R04967,R04968,R04970,R08159	RC00004,RC00014,RC00029,RC00039,RC00052,RC00076,RC00117,RC00120,RC00831,RC01095,RC02727,RC02728,RC02729,RC02857,RC02888	ko00000,ko00001,ko00002,ko01000,ko01004,ko04147	-	-	-	ADH_zinc_N,Acyl_transf_1,KAsynt_C_assoc,KR,Ketoacyl-synt_C,PP-binding,PS-DH,Thioesterase,ketoacyl-synt
